0.000533731,0.042875715,0.038143156,0.0000327,0.002353592,0,0.000318447,0,0.000222885,0.002151392,0.015947776,0.045741546,0.01509796,0.001339509,2.97E-10,0,0.008666028,0.047182134,0,0.00000363,0.0187398,0.047903417,0,0.000320811,0,0.002001111,0,0,0.0000383,0.004516591,0.001367892,0,0.004996561,0.006468102,0.021193497,0.0000751,0.000201408,0.004297388,0,0.027763706,0,0.047186046,0.003627125,0.000133769,0.018774293,0.00000543,0.0000455,0,0.044544037,0.035538128,0.0000356,0,0.034555905,0.037010661,0.000285461,0,0.04632686,0.002921994,0.019354646,0.014287312,0,0.000000269,0.00012969,0.042557284,0.0000457,0.011176699,0.006445959,0.0000477,0.04845475,0,0.032833642,0.000823524,0.000514802,0,0.010222515,0.0000462,0.024842294,0,0,0.031926124,0.0000385,0,0,0.000344271,0.001806333,0.00732031,0,0.005327318,0.043122743,0.000320143,0,0,0.024429133,0.001101225,0.013700332,0,0,0,0.0000383,0.027257684
0,0.031183778,0,0,0.000143986,0,0.020463963,0.044108157,0,0.028268889,0.013997373,0.0000936,0,0,0,0,0.009478308,0.006819786,0.002478164,0.003192519,0,0,0.04250889,0.000221046,0,0.041956444,0,0.010218293,0.021669657,0.000484215,0.000165147,0.047087594,0.019009921,0.0000361,0.026246659,0.001614004,0.007308406,0,0,0.00000685,2.86E-10,0,0,0.005626744,0.002587843,0.0000481,0.0000851,0,0.041749771,0.000000175,0.0000343,0,0.000155026,0.025141255,0,0.012930984,0.0000265,0,0.010690004,0.00071744,0.046988378,0.048105405,0.040637327,0.000609247,0.003573813,0.005554536,0.0000486,0.045830867,0.015347774,0.000990766,0,0.035391793,0.000183465,0,0,0.000089,0.000333785,0.000782227,0,0.037053409,0.007431848,0.034110166,0.003376343,0.0000642,0.04677961,0.031195019,0.000168104,0.00149733,0.0000351,0,0.003746405,0,0.012863494,0.019443677,0.0000689,0.028392441,0.000595962,0,0.048676673,0.001479209
0.006962414,0,0,0.000157931,0,0,0.024628129,0.001463847,0.009034708,0.010956521,0.00256794,0.002957215,0.010058082,0.000497881,0.00056557,0.033072845,0.046696258,0.014838928,0,0.01285466,0,0,0.042049224,0.047739455,0.015156832,0,0,0.000241853,0,0.0000281,0,0.0000542,0.0000918,0,0.000341429,1.1E-09,2.37E-11,0,0.019354127,0.035249948,0.001084474,0.046429088,0.000388698,0,0.000383688,0.0000708,0.00211837,0.0206794,0.022394087,0,0.005810147,0.041294816,0.006536995,0.048043464,0.042536899,0,0,0.0000375,0.000727971,0.00378892,0.0000105,0.017042765,0.0350877,0.004364218,0.005310298,0.000743814,0.0000775,0.003222216,0,0.023368835,0,0,0.031227776,0,6.68E-08,0.042044352,0.0000169,0.000133463,0,0.001220932,0.000729815,0,0.012766004,0,0.047046869,0.0000973,0.0000519,0.046928073,0,0.027991304,0.00190832,0.008524211,0.028745854,0.038060556,0,0,0,8.06E-08,0,0.043333037
0.019710645,0.0000646,0.000900633,0.032642063,0.041586692,0.002082428,0,0,0,0,0.0000143,0.00745731,0,0.044363927,0.041216361,0.0000029,0.021679013,0,0,0.02957219,0,0.001095472,0.025700751,0.005658671,0,0,0.012984057,0.025595489,0.000610567,0.000000274,0.000679492,0.001283749,0,0.021614141,0.000185169,0.0000071,0,0.000248827,0,0.003963504,0.006520076,0.000286678,1.24E-08,5.36E-11,0,0,0.005018923,0.013852001,0,0.006884231,0.00316196,0,0,0,0.018335821,9.44E-08,0.0000295,0,0.046077876,0.0000382,0.000294628,0.0000504,0.028669369,0.015026989,0.001439574,0.038254714,0,0,0.002674423,0,0.001736392,0.045876295,0.010492001,0.00379629,0.049791416,0.034834191,0.039438524,0.000617313,0,0,0,0.030178621,0.043965776,0.010937828,0.0000417,0.048442809,0.03399213,0.015213334,0.000052,0.0000635,0.00330305,0.043486942,0,0.008096337,0.044739196,0.000653014,0.000336319,0.002258896,0.0000561,0.0000643
0,0.000595732,0.027904285,0,0.047833378,0.002711794,0.0000812,0,0,0.007952127,0,0.044252663,0,0,0.000252262,0.0000185,0.011353735,0.00125067,0.001480334,0.009971928,0.0000405,0.001633397,0.002529789,0.000253755,0,0,0.007243564,0,0.001034197,0.0000591,0.018581119,0.046245472,0.018607804,0.043121389,0.0000882,0,0.0000154,0.00000547,0.000165709,0.001253197,0,0.028018937,0.033326882,0.000138674,0,0.004278481,0.042059308,0.003177919,0,0.042268322,0,0.025670294,0,0.046142455,0,0.033497328,0,0.000509236,0.021981048,0.000437728,0,0.0000443,0.022870438,0.000421878,0,0.012461651,0.025096337,0.000274688,0,0.035251841,0.001806963,0,0.005407447,0.006762856,0.00407888,0.037835499,0.039632096,0.045915641,0.000388661,0,0.004569109,0,0.047166562,0,5.94E-12,0.000016,0.006778366,0.001825332,0,0.000958073,0,0.0000306,0,0.037359005,0.014918412,0.01292331,2.45E-10,0.015753325,0,0.041409477
0,0.007156442,0,0.041824912,0.018201872,0.007118938,0.04515213,0.0000852,0,0,0.029522177,0.036430184,0.0000024,0.0000426,0.000000991,0.0000265,0.000729193,0.000614841,0.010283413,0.037475446,0.000421491,0.0000474,0,0.000100584,0.001746995,0.001307184,1.63E-12,0.0000192,0.001124906,0.012930311,0.000316805,0.00000869,5.25E-10,6.31E-10,0,0.045392647,0,0.009243073,0,0,0.0000671,0.003929562,0.01593242,0,0.009090399,0.028429561,0.018496177,0.000585559,0.001111972,0.00534542,0,0.024779615,0.01558753,0.045421128,0.047568252,0,0.000826849,0,0.0000613,0.001931355,0,0,0.0000626,0,0.041646279,0,0.030567598,0.004100799,0,0.043517569,0,0.021722914,0.000496097,0,0,0.001753466,0.000158149,0.035680516,0.049103491,0,0,0.026129376,0,0.000277224,0.039022272,0.003099584,0.002239641,0.0000157,0,0.02137868,0.049067721,0.012388049,0.029382831,0,0.045345226,0.004816034,0.0000441,0,0.002754711,0.008738827
0.000755262,0,0,0,0.007497819,0.010246803,0.04547384,0.000151326,0.037237464,0,0.0000246,0.001507394,0.000104622,0.025702004,0.0000354,0.012745231,0,0.038505805,0,0.001184309,0.000727517,0,0.034955022,0.018594371,0.002849747,0,0.004820401,0.002457333,0,0.0000092,0.000810441,0.045946542,0.0000849,0.0253533,0.046406259,0.000327627,0.00040874,0.005923747,0.000100795,8.61E-12,0.0000019,0,0,0,0,0.005457551,0.00027271,0.010061028,0.045703991,0,0.0000429,0.004077794,0.003362597,0.001415104,0,0.000140517,0,0,0.027888425,0.000324664,0.044819596,0.016359762,0,0.006685374,0.018842289,0.00036142,0,0.048308846,0.031565573,0,0.012681544,0.042891569,0.044949268,0,0.029433793,0,0,0.041318675,0,0.000177958,0,0.007733765,0,0.001584882,0.035297044,0,0.002299018,0.022207716,0.004216398,0,0.016183352,0.00057209,0,0.000702155,0,0.045440973,0,0.033468367,0,0.022201594
0.001895554,0.047515101,0,0.017979215,0.04757809,0.000333982,0.0000492,0.018183581,0.00256489,0.0000997,0.000818129,0.0000423,0,0.027708009,0,0.041224244,0.047419974,0.035859919,0.002582339,0.021418667,0,0.010390821,0.012509247,0.004549044,0.000290393,0.026376708,0.042804619,0.036767867,0,0.044842252,0.0000796,0.000917517,0.015158739,0,0,0,0.007224526,0.000000269,0.002640717,0.000211381,0,0,0.001126381,0.00000101,0.00023833,0,0,0.039290545,0,0.00604238,0,0.000085,0.032676272,0.0000459,7.34E-10,0.0000167,0.006878501,0.029019172,0.001228488,0.043188747,0,0.002094213,0.003292616,0.009718032,0.016634723,0.027119047,0,0.001147561,0.0000229,0.012672825,0.046560128,0,0,0,0,0,0.000699687,0,0.022726361,0,0,0,0.044301788,0,0.000512718,0.0000192,0.000588032,0.007668627,0.031709918,0,0.043000724,0,0,0.005093801,0,0.0000302,0.036715628,0,0.006953774,0.002843497
0.0000428,0,0,0,0.000336595,0.0000022,0,0.000208476,0.034520225,0.028924978,0.006419685,0,0.000423879,0.039339932,0.0000596,0.011697889,0.015092902,0.006349728,0,0.040340729,0.047444667,0,0.000308191,0,0.030272694,0.0000206,0.02090334,0.00019162,0.046387957,0.048506785,0.003927118,0.0000423,0.001664583,0.000061,0.047758663,0.000180498,0.0000439,0.000945448,0.044302289,0,0,0.025684826,0.016266898,0,0.008218194,0,0.00000791,0.00138624,0,0.042784752,0,0.000304269,2.31E-10,0.000197566,0.00236327,0.044015517,0,0,0.000200435,0.005208657,0,0,0.00000101,0,0,0,0,0.0000442,0.00913381,0,0,0,0.00156096,0.002948864,0.036436897,0.011191607,0.035233912,0.018127596,0,0.001004515,0.001364681,2.52E-12,0.018000827,0.030635743,0.021145871,0,0.003024554,0.012695907,0.050552556,0.003713123,0,0,0.046036797,0.031169677,0.000637003,0.0052552,0.002217693,0.000288024,0.010132771,0.02408654
0.012906332,0.044161688,0.021493196,0.00067614,0.044699934,8.8E-11,0.001553473,0.0000236,0.037147045,0.0000435,0.048481738,0.019340997,0.022018649,0,0,0.030524624,0.035970186,0.000179837,0.004886696,0.003586912,0,0.034947367,0.000297855,0,0.0000104,0,0.001083722,0.000120286,0.046891982,0.00000591,0.002299132,0,0.006718186,0,0,0.002699062,0,0,0,0,0.000255744,0.000000114,7.59E-08,0.027506459,0.001193714,0.0000472,0.024163454,0,0.047702371,0,0,0.005935087,0.007012406,0.024557563,0.032665558,0.008396328,0.016092315,0.0000846,1.7E-11,0.045988269,0.013525751,0.000228988,0.00310899,0.019324873,0,0.0000415,0.000328734,0.00000242,0.028320648,0.000103071,0.046066272,0,0.037864375,0.008613352,0,0.039786829,0.000793862,0.000374854,0,0,0,0,0,0.002531396,0.04049706,0,0.016376511,0.003825691,0.0000373,0.010695585,0.009835614,0.000352822,2.12E-09,0.000793472,0.00162615,0,0,0.048345325,0.002228892,0
0.0000424,0.000186768,0.000492394,0.045096598,0,0,0.047571826,0.048553035,0.043129247,0.027374115,0.000379849,0.037399542,0.032227355,0.01051547,0,0,0.0000844,0.000202326,0.0001,0,0.006671041,0.001973159,0,0.021415184,0,0,0.0000216,0.001220425,0.045702403,0,0,0.010635522,0.041306824,0.0000665,0.015287099,0.024917924,0.000539155,0.017492201,0.03801259,0.008485024,0.02946188,0,0.037932859,0,0,0.000649883,0.014234786,0.003711561,0.0034133,0.000000595,0,0.036251513,0.013969861,0.008846879,0,0,0.000686278,0.045255297,0.00178421,0.000351127,0,0.002721218,0,0.047697175,0,0,0.000814973,0,0,0.000102482,0.006091595,0.0000155,0.00019263,1.86E-11,0.031808557,0.013289002,0.00000262,0.00000135,0,0,0.005146718,0.0000532,0.025878081,0,0.0000242,0.048220355,0.000942821,0.041422563,0.003166255,0.000048,0.00234697,0,0.021553789,0.01797924,0,0.0000428,0,0,0.005304881,0.001480872
0,0,0.005405922,0.044209588,0,0.0000573,0.018050985,0,0.007888015,0.045738017,0.032520115,0.040152699,0,0.00968462,0.000361493,0,0.02569936,0.046430585,0,0.0005184,0,0,0.002470428,0,0.00178512,0.001896368,1.67E-12,0.000821228,0.000687462,0,0.013447874,0.000761468,0.000204423,0,0.016363858,0.035244413,0,0,0.047579429,0.000973768,0,0,0,0.000697027,0.000218251,0.034947752,0.002572033,0.0000467,0,0.002418225,0.006229808,0.001392457,0.045760862,0.042363952,0.025898842,0.000157978,0.032048065,0.007484851,0.042911145,3.16E-08,0.028034773,9.55E-08,0.020522074,0.03946934,0.000170684,0,0,0.026759678,0,0,0,0.004291016,0.002890813,0.0000711,0,0.040505456,0.047639699,0.010899567,0,0.00000025,0,0.000142184,0.016675389,0.01732315,0,0,0.00000382,0.022205911,0.0000688,0.0000336,0.0000617,0.000782871,0,0,0.004439484,0.008702275,0.012999903,0.003329305,0.04775182,0.000124314
0.001652899,0,0.003938019,0.032989872,0.000642137,0,0,0,0.047167372,0.026052348,0.0000724,2.82E-08,0.003351289,0.037793262,0,0.029801847,0.02412148,0,0,0.017573871,0.002657342,0,0.047589344,0,0.012761746,0.000734334,0.046262173,0.0000963,0.0000157,0.011060828,0.000672387,0.014235118,0,0.022007798,0.000000213,0,0.0000384,0,0.001664867,0.004701823,0.006723943,0,0.0000511,0.000438754,0,0.045230184,0.03172097,0.000131345,0.010503469,0.040525708,0.004503646,0.000210741,0,0.04904334,0.016918811,0,0.033489475,0.018231053,0.0000495,0,0,0.000236715,0.006285542,0.003518823,0.0000292,0.001882736,0,0.040836761,0.04905456,0.040665362,0.031697956,0.00000691,0,0,0.0000393,0,0,0.000447831,0,0.002376558,0.022971353,0,0.008499899,0,0.003023381,0.000360395,0,0.000401689,0.015480739,0,0.044970337,0.001373598,0.000293342,0.008047611,0,0,0.026835157,0.000140003,0.043097074,0
0,0.000774261,0.044906807,0,0.042156797,0,0.004544913,0,0.046632838,0.0000433,0.000231732,0.00009,0,0,0.048153485,0.034184635,0.018259126,0,0.0000864,0,0.021735076,0,0.033704238,5.5E-09,0.0000918,0,0.003444193,0.000139141,0.001308847,0.000013,0.0000436,0,0,0.021656265,0.044250252,0.004378769,0,0.029397017,0,0.000847627,0.000127167,0,0.028473335,0.006074577,0.002447818,0.001693866,0,0.046970649,0.012040407,0.000213061,1.08E-11,0.000906781,0.00017469,0.048449893,0.004386512,0.001453825,7.38E-12,0.000107621,0,0.000276672,0,0.015424886,0,0,0,0,0.043031696,0,0.025509704,0,0.016857081,0,0.000457937,0.000314318,0.001137992,0,0.011625907,0.003152075,0,0.03322369,0.000000105,0.014569825,0.015458945,0.007225141,0.010189135,0.00526116,0.000777813,0.039058966,0,0.042148447,0.006532156,0.034643843,0.025335956,0.00185135,0,0,0.008239264,0.0000433,0.03714368,0.045914654
0,0.048638139,0.018731611,0.034760245,0,3.04E-10,2.56E-08,0.003070659,0.0000892,0,0.000110615,0,0.006214527,0.000171827,0,0.009012969,0,0.023130056,0.000531773,0,0.041479219,0.010358005,0,0.045337768,0.001658777,0.000804993,0,0.0000073,0,0,0,0.026535047,0,0.043128716,0.016294939,0.000000538,0.00732505,0.001531749,0.042418787,0.023648602,0.021718973,0.000183225,0.000189552,0,0.00258244,0.035385767,0,0.029744323,0.003773039,0,0,0.047054199,0.045834129,0,0.033028215,0,0.0000274,0.000183166,0.0000121,0.03735218,8.2E-09,0.000000751,0.016739694,0.014315073,0.009594361,0.012311295,0,0.00000136,0.00081308,0.000000201,0.047565672,0.001841848,0.000238017,0,0.000656386,0.003656779,0.046086814,0,0,0.004697426,0,0,0.0000565,0.002054391,0.00000401,0.0000685,0.044279669,0.001320126,0,0.005943908,0.040199569,0.000494208,0.034675528,0.008007408,0.0000416,0.002899562,0.017743979,0.0000178,0,0.021614613
0.000042,0,0.0000303,0,0,0,0.0000467,0.00059006,0.018582704,1.69E-08,0,0,0.000550625,0.00408993,0.000645175,0.000579032,0.000191201,0,0.039660298,0.046326442,0,0.04410582,0,0.014901172,0.002854088,0.031278166,0,0.000106763,0,0.011007598,0.048060007,0.0000959,0.004344455,0.001743837,0.001000554,0.00224957,0,0,0,0,0.026313231,0.0000001,0.000902279,0.046674798,0.046419291,0.042461189,0.008230143,0.043533418,0,0.013216861,0,0.047082978,0.027563421,0.000958046,0.000173969,0,0.00227157,0.04056934,0.035610392,0.001669891,0,0.000162789,0,1.22E-09,0.006676041,0.005537769,0.0000823,0.000129731,0,0.00000187,0,0.037483148,0.032320795,0.000364658,0.010823789,0.009485823,0.0000447,0.022199309,0,0,0.002807079,0.015664902,0.013559532,0.007109051,0.02185168,0.002197793,0.03430149,0.028332174,0.0000857,0.0000429,3.22E-10,0.040742187,0.02619423,0,0.000000606,0,0.005031785,0,0.020032866,0
0.008363135,0.0000855,0.002083916,0,0.046095088,0.0000425,0.010839557,0.023029556,0.028362067,0.017828284,0.008349059,0.0000106,0,0.006066402,0,0.002847883,0.020826492,0.000214303,0,0.000683594,0,0.0000553,0.0018173,0,0.043534968,0.001478406,0.000211609,0.002903833,0.015925416,0.00059245,0.036225484,0.019027021,0,0.001068989,0.012122191,0.033496043,0.00447577,0,0,0,0,0.044683984,0.0000353,0.001436881,0.041279875,0.041755261,0,0.047233715,0,0.0000278,0.010485155,0.03427854,0.004337479,0.040644,0,0.0000516,0.00000488,0.0000539,0,0.023977232,0.01308291,0,0.000939656,0,0.045226187,0.041952597,0,0.00506135,0,0.032126245,0.000135091,0.04742188,0.046642407,0.000433047,0.000465002,0.02928966,0.0000481,0.0000464,0.015406841,0,0.0000908,0.00003,0,0,0.007752869,0,0.001832094,0,0,0.020549749,0.002321377,0.000263609,0.000158104,0,0,0.043680234,0,0.0000567,0,0.006038991
0.017644422,0.000110608,0.006368704,0,0.041151573,0.013441407,0.0000283,0.003405274,0.021525492,0.043643408,0,0.0000339,0.019484257,0.014902688,0,0.0000266,0.000196554,0,0.0000109,0.002992206,0.035424342,0,0.046884243,0.001310635,0.047241471,0.004303051,0,0.0476443,0.046711447,0.003749176,0.000000188,0.008420416,0.000379188,0,0.001700765,0,0.024965505,0.010777872,0.027925386,0.021188426,0.01030329,0,0,0,0,0.038612049,0,0.005358581,0,0,0.028456514,0.046071116,0.012998225,0.002263638,0,0.015537509,0,0,0.000249614,0.000000233,0.001146785,0.024906235,0.0000172,0.00838736,0.0000516,0.001689715,0,0.000434934,0,0.000395478,0.000787429,0,0,0,0,0,0.005537609,4.45E-10,0.049114774,0.002019854,0.000214601,0.036106942,3.88E-11,0.00000431,0.0000827,0.031627764,0.001185226,0.040296558,0,0.03203831,0.036565105,0,0.000570371,0.000317751,0.0000381,0.04673988,0,0,0.006279929,0
0,0,0.044718053,0.03938759,0.000238447,0.000155894,0.001232664,0.026026536,0.00502382,0.021741337,0,0.008975923,0.00000154,0,0.048169079,2.97E-08,0,0.000000574,0,0.000462744,0.00460754,0.0000212,0.000235399,0,0.035249058,0,0.001265904,0.000156979,0.010269898,0.024680797,0.046630423,0.031266281,0.042648342,0.028440097,0,0.000304143,0,0,0.000213742,0.020950304,0.0000389,0.028159137,0.03849519,0.002359971,0.007367517,0.014858354,0.000710729,0.000088,0.0000034,0.001820499,0.001737694,0.000124035,0.002256251,0.018409415,0,0.04223908,0.000141699,0.003081934,0.033271951,0.000000674,0.017503663,0.035478528,0.000242002,0.046227321,0.000244547,0,0,0.002496182,0.0000493,1.73E-12,0,0.000048,0.003769118,0.012928093,0,0.001995599,0,0.041991382,0,0,0,0.047250608,2.86E-10,0,0.047001787,0,0,0,0.045373505,0.009837047,0.008081132,0.000712381,0,0,0.015941851,0.003757611,2.47E-09,0,0.007219003,0.013612537
0.037608399,0.001100719,0,0,0,0.000102377,0.004658637,0,0,0.000218065,0.035658408,0,0.045410946,0,0,0.014848671,0.001521801,0.012942587,0.0000594,0.043772907,0.025409343,0.002729484,0.00000611,0.005455567,0.003304298,0,0.000512495,0,0.011430778,0.00177715,0.031731101,0.003973158,0.046977013,0.017920557,0,0.027568617,0,0.000779083,0,0.0000166,0.043714008,0.043750047,0.008575897,0.0000519,0.00201566,0,0.0000774,0.037719838,0.006549514,0.02131443,0.000693586,0,0.008618151,0.002300186,0,0,0,0,0.024331495,0,0,0.002350034,0.000406612,0,0.000183096,0.046052871,0.010523846,0,0.000908902,0.050484152,0.000116297,0.000103079,0,0.00016374,0.046796418,0.041745134,0.035096772,0.006005882,0,0.021544509,0.004294292,0.02829111,0.0000381,0.000309283,0.000129049,2.41E-08,0.016532555,0,0,0.048477082,0.01711882,0,0,0,0,0.031869475,0.012728793,0,0.000312232,0.000211416
0,0.02117632,0,0,0,0,0.000083,0.018318589,0.000447884,0.007824131,0.002548887,0.001437946,0,0.032011407,0.0000465,0.0005055,0.008513975,0,0.00152578,0.012688629,0.004505863,0,0.00106927,0.044943217,0,0.045557235,0.002339654,0.034965452,0.041874321,0,0.00000155,0,0.01015244,0,0,0.000760304,0,0.018314121,0.003095839,0.005285831,0.0000741,0.012673306,0,4.94E-08,0.00053797,0,0.00043742,0.047327583,0.001279555,0.006701448,0.035981461,0.014904614,0,0,0.00163412,0.003403497,0.0000781,0,0.00000347,0.0000254,0,0.031942472,0.000114564,0.029397554,0.000122872,0,0.025377215,0.015942547,0.046465311,0.007180658,0.024730778,0.000207068,0.000398184,0.047914764,0.011186846,0.037893481,0,0.004698488,0,0,0.041710626,0.021640793,0.0000724,0.047407139,0.044825496,0,0,0,0,0.038465871,0.000194452,0,0.0000264,0.04639609,0.0000788,0.002653165,0,0,0.027705906,0.000194467
0.000065,0.000355599,0,0.03501184,0.001733843,0,0,0.000731202,0.000037,0.050477932,0.000396341,0.039389681,0.029631247,0,0.038489351,0,0,0,0.048010189,0,0,6.78E-08,0.03467012,0.000108811,0.007904715,0.001647976,0.042616996,0.04714501,0.023783736,3.05E-11,0.022883717,0.031892348,0.042529832,0.041277278,0.002067701,0.0000476,0.043105693,0.000180899,0,0.002401445,0.02733344,0,0.000687599,0.048489496,0.00892775,0.013903577,0.003695364,0.000465673,0.011242955,0.004852992,0.044879426,0,0,0,0,0.000227313,0.029658103,0,0,0,0,0.016932431,0.010959164,0.0000733,0.021164231,0.002595881,2.27E-10,0.00123397,0.00103196,0,0.02292474,0.006561485,0,0,0,0,0.0000787,0.006058462,6.56E-08,0,0.017736958,0.005052044,0.0000278,0.002803338,0,0.000173963,0,0.015714512,0.0000826,0.01848572,0,0,0.000639704,0.012469152,0.002802285,0.004262095,0.0467274,0.000390325,0.0000271,0.0000338
0.047543232,0.03895763,0,0.005774215,0.002023989,0,0.025123834,0,0,0.02827054,0.00000936,0.000122261,0.022536388,0.032810812,0.000183861,0.00000649,0.045830615,0.002134278,0.031163062,0.027193311,0,0,0,0,0,0.0000508,0.005108053,0.000287925,0.000243448,0,0.010432049,0.006903654,0.043812502,0,0.00010098,0.002417997,0.0000373,0.00113042,6.51E-12,0.001627606,0,0,0,0.007071521,1.63E-09,0.008253039,0,0.043458898,0.016940082,0.00364978,0.034295277,0.0000431,0.000140502,0.016161728,0,0.019103879,0,0.000033,0.007806355,0,0.046634588,0,0,0.044556635,0.0000894,0,0.000424599,0.047433445,0.000536376,0.0000814,0.012343723,0.048644829,0.022359342,0,0.018382918,0.000233532,0.041076164,0.037966385,0.035818518,0,0.0000492,0.045158518,0.002026847,0.001086832,0.000804348,0.025942136,0,0,0.000560193,0,0.001046391,0,0.0000378,0.004143642,0.009641871,0.011270307,0.002856262,0,0,2.22E-08
0.013055598,0.000163477,0,0,0.000420584,3.58E-12,0,7.32E-08,0.043009602,0.003811569,0.002166075,0.001006651,0.037744709,0,0,2.11E-09,0.000028,0.000224747,0,0.044860662,0.040582485,0,0.019662382,0,0,0.006298715,0.0000209,0.028488629,0.049534154,0.008810119,0.003133557,0.030902161,0.002886555,0.052736198,0.002156027,0,0,0.000501739,0.000281011,0.047429896,0.005041326,0.002811708,0.0000336,0.004089366,0.017717478,0.043984332,0.016029641,0.000000229,0,0,0.006302386,0.000141332,0.014564214,0.0000121,0,0,0.025334315,0.000755498,0.0000209,0.0000467,0.010767585,0.0000771,1.46E-10,0.000301797,0,0.039516362,0.020929972,0.044641358,0.000242216,1.08E-08,0,0.012049359,0.032674448,0.009730004,0.001016015,0,0.00889495,0,0.001770948,0.032708134,0.001002438,0.040777776,0,0.029748634,0.000767668,0.0000452,0.0000834,0,0.000977283,0,0.005067589,0,0.044896983,0.025689068,0,0,0.022644214,0.036095647,0.0000825,7.99E-10
0.022487425,0,0.027707067,0.034815919,0,0,0.01273391,0.008385654,0.000162999,0,0.033364923,0.000121037,0,0.006842287,0.000206232,1.26E-09,0,0,0.0000958,0,0.044047608,0.01510829,0.001714758,0.000558717,0,0.00000219,0,0.001039948,0.042743806,0.012985731,0,0,0.000000811,0.005519222,0,0,0.041161134,0,0.000000513,0,0.002191148,0,0.0029421,0.002644031,0.004466103,0.039131984,0.000181037,0,0.031263882,0.045523074,0,2.85E-12,0.045782735,0.001555303,0.024998709,0.000599685,0.034644302,0.007472956,0.022657238,0.0000134,0.046150506,0.000042,0,0.001083944,0.00081065,0.045899982,0.027702204,0.025078425,0,0.00014312,0,0.018666071,0.037977387,0.000762393,0.042751697,0.002833934,0.04660268,0.000000894,0.048590571,0.009189725,0.00094314,0.016983973,0,0.000183146,0.0000692,0,0.000515993,0.003525639,0.018248058,0,0,0.0000431,0.005177131,0.0110001,0,0,0.000122716,0,0.010808255,0.000219745
0.000151286,0.046177474,0,0.000000085,0.014791869,0.013100072,0.009886199,0.001287813,0.000838004,0.000000866,0,0,0.038733908,0.001290886,0.0000234,0.008602276,0.000354533,0.006743071,0.000244651,0.000561402,0,0.025492619,0.001362757,0.003286063,0,0,0.015775767,0,0.048527977,0.000282786,0,0.000939298,0.031173968,0.020087377,0,0.00000317,7.14E-09,0.002311298,0,0.0000051,0.003120844,0.003529174,0,0,0.002041891,0.018190469,0,0.003007667,0,0.036093161,0,0.00000717,0.043701205,0.000357588,0.000182121,0.008984237,0,0,0.039235798,0.046242337,0,0.0000404,0,0.00753243,0,0.000148178,0,0,0,0.028059305,0.045723315,0.017885431,0.050586117,0.020565716,0,0.009872412,0,0.034223533,0,0.015041164,0.005601524,0,0.040222523,0.03116626,0,0,0,0.047677959,0.042411089,0.0000039,0,0.00015392,0.0000775,0.040579747,0.030032187,0.005031934,0,0.000458,0.025933994,0.004241879
0,0.00000506,0.024076488,0.04292375,0.0000866,0.00014816,0.0000711,0.007797961,0,0,0.004170167,0.0216174,0,0,0.014219779,0.0000939,0,0.011878431,0,0.044982813,0.009363922,0,0.011061038,0.0000437,0.0000971,0.034762037,0.000517925,0,0.00140042,0.005085819,0.027850745,0.021775196,0.042815904,0,0.039516455,0.047552766,0.0000534,0.000000772,0,0.04371942,0,0.015646636,0.016801255,0.038788743,0.006698989,0,0.031982483,0.003797866,0.00106323,0.002371226,0.001723657,0.000732447,0,0,0.000728824,0.0000174,0.018961342,0.047668576,0,0,0,0,0.03287173,0,0.002437409,1.5E-09,0,0.007195833,0.00125007,0,0.008001156,0.000107425,0,4.05E-08,0.000448932,0.000230277,0.03625053,0,0,0.047622457,0.000527789,0.045444769,0.000547314,0,0.024166997,0,0,0.003191355,0.018237659,0,0.00385991,0.028902112,0.046606897,0.000158651,0.000835025,0,0,0.040468341,0.005966406,0
0.04524562,0.006265063,0.006769319,0.0000485,0.001781564,0.046911833,0.018414727,0,0,0.002099591,0.000280636,0,0,0.001318082,0.00815916,0,0,0.023942057,0.0000442,0.028981573,0,0.01576843,0,3.17E-11,0.012929575,0.037079608,0,0.003472151,0.032113889,0.0000734,0.009673516,0.000434387,0,0.004545713,0,0.007522656,0.000229368,0.010663169,0.0000127,0.001045718,0.037859603,0,0.042240442,0.001710177,0.041647548,0,0.000116168,0,0,0.022041749,0,0.049293962,0.000268026,0.000000719,0.002708419,0,0,0.000341035,0,0,0.001401394,0,0.031595919,0,0.0000443,0,0.046490437,0,0.034643773,0.0000245,0,0.00000226,0.026836019,0.02432616,0.0000178,1.01E-08,0.004135315,0.004377619,4.04E-12,0.018646595,0.047759712,0.01282133,0.000660583,0,0,0.003582955,0.039039121,0.000897522,0.016179816,0.00028725,0.047886347,0.039890371,0,0.000280189,0.000414147,0.022230444,0.045385892,0.000000227,0,0.006088024
0,0.000781044,0.000309896,0,0.000393857,0.048371478,0.0000596,0.003277579,0.018114974,0.0000702,0,0.002111392,0.007202797,0.000344342,0,0,0.001277965,0.01225446,0.026530497,0,0.000025,0,0.044835379,0,0.00022025,0.00237809,0.008630729,0,0,0.045714017,0.000125275,0.028480137,0.000000596,0.043736686,0.039419371,5.01E-08,0.013873832,0,0,0,0.015492159,0.0000244,0.000870312,0,0.001569544,0.0000585,0.00193087,0.041980093,0.013259088,0.000383369,0.034766811,0.015719101,0.0000224,0.000293206,0.019007555,0.0000439,0.030697768,0.024873469,0.020634741,0,0.047537972,0.033767983,0.030902,0.00000755,0.04678932,0.006207007,0,0.000193763,0.026871662,0,0.04473468,0.004368374,0,0.0000425,0.00084023,0.046760285,0.004221348,0,0.010593138,0.037581487,0,0.003760978,0.000222736,0,0,4.01E-11,0,0.021719574,0.006217914,0,0.008341363,0.005158096,0.0000835,0.0000517,0,0,0.041763099,0,0,0.001094934
0.046458124,0.000176883,0.010256801,0.0000479,0.001591026,0.046896214,0,0.020990757,0.022926898,0,0,0,0.007146826,0.013083953,0,0.000986492,0.047801417,0.002042529,0,0,0.023795053,0.031505087,0,0.032842667,0.014933376,0.00000375,0.010311624,0.000479209,6.18E-10,0.041497172,0.000395154,0.028173036,0.004791315,0,0.035626146,0.00728762,0.017895967,0,0.024721855,0,0.000333891,0.000153405,0,0.000747547,0.000860952,0,0.0000395,0.001553146,0.007843388,0.00000043,0,0.038113173,0,0.00000947,0.008395759,0,0.003383606,0.000113634,0,0.004942821,0,0.034115089,0.0000643,0,0,0.044832616,0,0.000430833,0.0000948,0.018827324,0,0.045651219,0.00011889,0.005633913,0,0.012594651,0,0.001231954,0.033674974,0.0000874,0.002368445,0.042990886,0,0,0.002031964,0.003873952,0,0.048418198,0,0.016876456,0.044238023,0,0.048519948,0.003651014,0.028037069,0.000339069,2.54E-08,0.0000698,0.0000716,0
0.000624632,0,0.000241772,0,0,0.049938004,0,0,0,0,0.001818415,0,0.031142334,0.006644111,0.046792145,0.042067772,0.010629278,0,0,0.010390252,0.001279169,0,0.035129049,0,0.0000605,0.00000379,0,0,0.025328767,0.047311977,0.006162101,0.035318744,0.002189709,0.017812646,0,0.022351993,0,0.002938912,0.046004977,0.000620497,0.002013596,0.00198954,0,0,0.000454571,0,0.015846437,0.013098666,0,0.04041764,0.000544421,0,0.0000503,0,0.021622461,0.009315548,0,0.000432716,0.032075011,0,0.038649937,0,5.19E-08,0.007693644,0.041317855,0.000882521,0.014473683,0.000150521,0.012612156,0.001399157,0.023088535,0.040897026,0,0.000012,0.00024089,0.004272794,0,0,0.046839366,0.000193654,0.048727815,0.018985217,0.002812774,0.028066088,0.043321954,0.005029253,0.0000438,0.004906593,0.000194753,0.000218755,0.02848863,0.0000828,0.000000921,0.0000397,0.004672509,0.0000538,0,0.000918892,0,0.0000495
0,0.032378979,0.041269009,0.003068402,0,0,0.000344856,0.024108795,0,0.000849015,0.039634443,0,0.04386204,0.000388167,0,0,0.000142641,0.002928472,0.000994052,0,0,0,0,0.021311664,0,0.010053581,0.047631292,0.02365223,0.000370853,0.0128583,0.000644576,0,0,0,0.000258446,0.011123571,0.004700559,0.005561837,0.0000317,0.00246616,0,0.008228729,0.000175202,0,0.006899823,0.028663748,0.032922917,0.045008547,0,0,0.015697569,0.017474029,0,0.015448471,0.046034961,0.049124087,0,0.018744886,0,0.0000893,0,0.000000314,0.000781135,0.033716302,0.0000645,0.0000746,0.044185971,0.000679147,0.002057238,0,0.002763472,0.002121239,0.000513682,0,0.013194044,0,0,6.81E-10,0.029548408,0.00120134,0.042765385,0,0.0000362,0.006344153,0.020130774,0.000177056,0.04012376,0.042401574,0.035785757,0,0.0000126,0,0,0.004276485,0.009029163,0.0000401,0,0.005503508,0,0.047326251
0.032881489,0,0.0000635,0.000597625,0,0.002843608,0.002730515,0.006593284,0.000105091,0.044064638,0.010910194,0.000447244,0,0.031509153,0,0.015869389,0,0,0,0,0.044643566,0.000029,0.028630743,0,0.000247298,0,0.000000144,0,0.021550425,0.000648485,0.0000333,0,0.0000402,0.046810718,0.003847496,0.021794117,0.008097755,0.0000106,0.000209657,0.0000951,0.0000432,0,0.00005,0.035236477,0.034565354,0.000161088,0.00000691,0,0.009827058,0.012099173,0,0,0.000122759,0.001248382,0.002597031,0,0.047782516,0.047782839,0.028665836,0.00838116,0.00070027,0.001505571,0,0.003954497,0.019045607,0.000000314,0,0.005177742,0,0.017694183,0.038327402,0.0000895,0,0.000227732,0,0,0.040995234,0,0.006561037,0,0,0.023883737,0.001065278,0.005616346,0.048800181,0.01185912,0,0.001262059,0.045300424,0.023790733,0,0.002577187,0.001299639,0.002013346,0.039349955,0.015862405,0,0.040057276,0,0.049109103
0,5.49E-09,0,0,0.001676349,0.004222449,0.0000922,0.040335417,0.000260628,0.002900641,0.044513025,0,0,0.021942299,0.032148645,0.005725838,0.000553192,0.006208754,0.001730638,0,0.0000905,0.001950276,0,0.010707736,0.047789176,0,0,0.000562017,0.00054339,0.021306144,0.00832735,0.0000877,0.017724725,0,0.00280637,0.048912173,0.01114143,0.00000717,0.045028696,0.00885629,0,0,0.037844565,0.000188443,0,0,0,0,0.000299335,0.036325178,0.040528137,0.031859001,0.00000102,0.013469627,0.007074313,0.001939404,0.004866391,0.000375719,0.041515019,0.029895316,0.0000335,0,0.00000198,0.000142294,0,0,0.000220629,0.002326537,0.016236938,0.0000158,0,0,0.04838148,0,0.012407837,0.000115117,0.016318946,0,0.026123449,0.000108528,8.88E-10,0.041933987,0,0.048068253,0.018298871,0.001174986,0.000869287,0,0,0.000000242,0.0000976,0,0.041059047,0.00094755,0.000297104,0.004506627,0.024842943,0,0.027044168,0.034093551
0.046219028,0,0.0000523,0,0.000353347,0.045594077,0.032862013,0.000409976,0.001351118,0.000361564,0.003658604,0,0.019324543,0.000141085,0,0.037801169,0.019483361,0.000345762,0.048179895,0,0.001709049,0.011781572,0.00000232,0.044386639,0.000043,0.048129802,0.003698908,0,0,0.0000383,0.007089582,0.010979886,0,0,0.007708972,0,0.0000983,0.00000915,0.021769654,0.015639498,0,0.043916979,0.008505878,0,0.000904184,0,0.045405451,0.027853625,0.042810502,0,0,0.000985259,0,0.0400189,0,0.000675466,0.0000314,0.00240273,0,0.025216433,0,0,0,0,0,0,0.00010948,0.031011449,0.003332007,0.000000453,0.024913947,0.002063068,0.0000761,0.031976359,0,0.0000326,0.013649011,0.015848222,0.000253147,0,0.02789502,0.020761958,0.04236949,0,0,0.000000454,0.035557276,0.005754159,0.000268718,0,0.003316526,0.010351067,0.000881107,0,0.048451579,0.005437309,0.000543713,0,0.002286636,0.004909862
0.00000106,0.022385216,0.005497736,0.003271161,0.000602014,0.0000503,1.22E-11,0.003963386,0.04721389,0,0,0,0.045799698,0.011093294,0,0.003233527,0,0.000310295,5.21E-08,0.001108466,0.001527885,0,0,0.004974949,0,0.045405511,0.037959407,0.025294179,0.0000235,0,0.034879996,0,0.045795642,0.008518444,0.037234093,0.032356704,0.018921947,0.002144928,0,0.012535357,0,0.001984854,0.000355332,0.014880261,0.000119491,0,0.004278257,0.03005648,0.046738516,0,0.0000466,0.00071031,0.001055262,0.000175196,0.000449297,0.000101724,0,0.00000209,0.0000916,0,0,0.041902571,0.014564722,0,0,0.035078946,0.00652116,0.000111596,0.01937561,0,0.041775936,0.044179842,0.047470353,0.0000833,0.000116757,0.0000613,0.0000214,0.008714955,0,0.013290638,0.031811109,0,0.020226845,0.046923091,0.002196624,0.009935192,0,0.000395948,0,0.001022775,0.024317283,0,0.0000769,0,0,0,0,0.006728538,0.029244152,0.000704617
0.001956981,0.00000799,0.045697805,0.047037871,0.042514145,0.0000338,0.002895787,0,0.018185723,0,0,0.023549145,0,0.02505027,0.000158143,0.03406366,0.044686944,0.004082554,0,0,0.0000451,0,0.00306026,0.00477926,0,0,0.003969792,0,0.007435808,0.0000724,0.022744416,0.045805043,0,0.000170223,0.000418702,0.030954184,0,0.000195516,0.027639426,0,0.000581034,0.000123444,0,0.034916604,0,0.035616236,0,0.002756849,0.016076176,0.010303434,0,0.012774598,0,0.000696666,0,0.047685513,0.0000281,0,0.008473767,0.000000345,0.007541485,0.045754102,0.041226688,0,0.000714741,0.046317215,0.001842692,0.0000478,0.00000172,0,0,0.001654831,0.000186792,0,0.015522,0.005532532,0.043313159,0,0.000101652,0.039109843,0.00000215,0.021502648,0.0000714,0.00083279,0.000316508,0.019828871,0.028901229,0.001561892,0.007042926,0.038613057,0.013024422,0.000980116,0,0.0000301,0.009993719,0,0,0,0.001187288,0
0.044343171,0,0.001947411,0,0.004797408,0.0000528,0.000208779,0.026141853,0.000179354,0,0.031819543,0.0000442,0.000888817,0.013356146,0,0,0.018657234,0.0000635,0,0.000052,0,0.022512104,0.003182575,0.038748788,0,0.00162123,0.024850766,0.004453012,0,0.0000427,0.00064351,0.000318233,0,0,0,0.006519229,0,0.048328905,0,0.000157651,0.000361573,0.00076127,0.000243214,0,0.010623147,0,0.039462321,0.000062,0.0000467,0.045805431,0.004290475,0.028682892,0.032775593,3.64E-08,0,0,0.001878123,0.048573132,0,0.025771936,0,0,0.018694582,0,0,0.000352916,0.043821173,0,0.009344687,0.000735831,0,0,0,0,0,0.008067644,0,0.003749221,0.00858256,0.007086294,0,0,0.000993072,0.02154749,0.035167934,0.045793244,0.003323659,0,0.03608484,0,0.01651777,0.002802709,0.016044599,0.001389002,0.050452464,0.047618604,0.013230138,0.001511073,0.034611494,0.039208332
0.02793635,0.000373458,0,0.0000386,0.00000231,0.0000464,0,0.044831208,0,0.006848179,0.001624782,0.046063417,0.027517188,0.004646338,0,0.0000383,0,0.00000197,0.025502775,0.034740524,0.000144343,0.044899913,0.024694845,0,0.0000131,0.021851284,0,0.008399686,0.048045343,0.000000247,0.000630372,0.001852173,3.61E-10,0.0000186,0,0.044403357,0.000968382,0.000507044,0.032500397,0.006018432,0.036420378,0.042824665,0.000333385,0,0.000204508,0,0.002208331,0,0.006607487,0,0.045947886,0.018274987,0.007741877,0.038476022,0.00000708,0,0.0000194,0,0.01275384,0,0.003931771,0.040666754,0.010702644,0.0000335,0.044556548,0,0,0.000997423,0,0.0000384,0.01529055,0.030975669,0.005322661,0.039249,0.018585712,0.00227009,0.048513833,5.83E-11,0,0.021328604,0.010042465,0,0.000314575,0.015410545,0.000215373,0.0000322,0.000197459,0,0.01342509,0,0.000096,0.001083192,0.00055887,0.001737072,0.003362031,0,0,0.004049216,0,0.0000336
0,0.001295853,0.000405861,0.021700922,0,0.03853798,0.000145839,0,0.000857415,0.000289702,0.00869668,0,0.047558949,0.049503995,0.002900006,0,0,0.001954644,0.000000032,0.001334969,0,0.025086608,0,0.0000224,0.005093288,0.000129955,0,0.000227802,0,0.045366607,0.000890724,0,0.01310069,0.000809908,0.00000342,0.003987757,0.049407968,0,0.000227598,0.022242512,0,0,0.028823946,0.004154776,0,0,0.001149567,0.042111878,0,0.001437466,0.044515866,0,0.000153073,0,0,0.006246274,0.042335026,0,0,0.0000363,0,0.03775026,0.007093141,0.012513185,0,0.0000831,0.000483048,0.00075741,0.010213211,0.015653024,0.006465809,0.024579406,0.034215526,0.032738611,0.000249925,0.042260913,0.026484677,0.019051393,0,0.002452912,0.045015,0,0.045182705,0,0.017272808,0.033647439,0.000134886,0.010714577,0.0000104,0.003203552,0,0,0.007932892,0,0.035026559,0.00000584,0.0000025,0.00000435,0.016056735,0
0,0.033206136,0.000264298,0,0.003621425,0.017123632,0,0.00415537,0,0,0.04321642,0,0.0000444,0.000000121,0,0.000185791,0.000752085,0.0000543,0.002180469,0,0.008149731,0.000302469,0.045157565,0.037646007,0.003362659,0,0.018926041,0.00566395,0.012914447,0.010894936,0,0.000185483,0.02812165,0,0,0.019827909,0.00000895,0.009887438,0,0,0.001166173,0.046681366,0.035929089,0.037534588,0,0.000189777,0.001364727,0.0000397,0,0,0.045730832,0.000828822,4.49E-12,0,0,0.041097035,0.024181531,0.000250667,0.036940391,0.046011167,0,0.000716911,0.0000404,0.000249331,0,0.022139602,0.006851534,0.000961352,0.001365841,0.043774582,0.01706071,0.0000337,0,0,0,0.024744608,0.047024735,0.021438464,0,0,0.005560305,0.028809404,0.003204682,0,0.0000459,0,4.56E-11,0.006536222,0.000126947,0.0487311,0.000435325,0.001637558,0.041927937,0.002287118,0,0.008009431,0,0,0.011486975,0.030999773
0.029463432,0.000370696,0,0.001155926,0,0.039758491,0.037540415,0.028835904,0,0.046448397,0.04733425,0.000122242,0.002340523,0.000257074,0.038762402,0,0.00839477,0.000102497,0,0,0,0,0,0.003471625,0.025530389,0.03144671,0.000146069,0,0.0000992,0.001287095,2.17E-09,0.048672806,0.0000449,0.0000378,0,0.008212953,0.034187754,0.000742139,0,0,0,0.00219639,0.000042,0.018949188,0.001371644,0.004252145,0,0.0042339,0.00594485,0.010305724,0.012214632,0.036395307,0.005644635,0.002090439,0.04439683,0.000670391,0,0.014404716,0.044065543,0,0.021617623,0.021383692,0.040549147,0,0.045416899,0.014597466,0,0,0.00000401,0.012943126,9.39E-08,0.017234996,0.006664314,0.024573437,0.000450251,0,0.000511211,0,0,0,0.00000332,0.0000508,0,0.001725402,0.000000113,0.0000393,0,0,0,0.003358061,0.030425664,0.000220434,0.048805616,0,0.000210169,0.00000358,0.011623701,0,0.048541317,0.007101518
0.000144787,0.002975705,0.000626723,0,0.024054207,0.006124477,0.004589858,0.000665087,0,0.008148612,0.041359961,0,0.000315777,0.0000662,0,0.001939579,0,0.000222131,0.023772637,0,0.000203361,0.016004267,0,0,0.042120119,0.00000148,0.04646108,0,0.044777269,0.042501769,0.002318671,0.03995696,0.010711499,0.000824912,0,0.000222014,0.000658969,0,0,0,0,0.019203554,0.02165427,0,0.013681699,0,0,0.0000649,0.006842493,0,0.002974862,0.010843754,0,0.035255991,0.000175256,0,0.027246853,0.047097744,0.038732909,0.001449443,0.0000439,0.02684651,0.015301056,0.018329243,0,0.0000267,7.93E-08,0.000443449,0.000000721,0.00292316,0.001473703,0.013716605,0.047160972,0,6.03E-10,0.043726471,0,0.004335766,0.036137319,0.004768289,0.047073676,0.032366406,0,0,0.0000686,0.02437015,0.00005,0,1.73E-08,0.000442192,0.005174401,1.37E-08,0.04541242,0.000419205,0.008489396,4.32E-11,0.032638031,0,0.001269611,0
0,0.0473986,0.000430031,0.000320466,0.000000299,0.025129508,0.020422595,0,0,0.000776566,0.046062209,0,0.017342402,0.026172062,0.000349815,0.000925835,0.010028719,0.006691376,0.010226116,0.004144777,0.004964992,0.012719552,0.000500127,0.028150911,0.0000764,0,0,0.0000827,0.030579665,0,0.039756574,0.004382603,0.001870126,0,0.000120794,0.021095943,0.00903225,0.011805205,0.0000343,0.001000859,0.000319633,0,0.019560247,0.009257806,0.014768225,0,0.035731891,0.037324491,0.03795614,0.007110922,0,0.0000101,0.043868218,0,0.000305702,0,0,8.8E-13,0.027950995,0.003028894,0.034501768,0.002816327,0.001681753,0.001478546,0.00014717,0.039457314,0,0,0,0.05044031,0.00209378,0.00000337,0.005332934,0.000554295,0,0,0,0,0.046296007,0.031617946,0.045319773,0,0,0.00000804,0,0.0000338,0.00000249,0.048463936,0,0.0000477,0.000105183,0.00000579,0,0,0.003108452,0.000510902,0,0.000109093,0.019089256,0.046986449
0,0.008156901,0,0.041443358,0,0,0.035005285,0.03439705,0.014292551,0.04779639,0.042046682,0.045036469,0.000034,0.000209915,0,0,0.003186992,0.0000461,0.045748776,0,0.02893719,0.000000107,0.000705503,0.000106602,0.000148705,0.009287018,0,0.039345798,0.000401197,0.001605262,0.005452815,0.047395769,0.001422408,0.005162467,0,0,0.017671063,0.002278727,0.0000809,0.015043932,0,0.001991814,0.000162281,0,0.041802431,0.031840421,0.000110705,0,0.01234495,0.020392015,0,0.000905093,0.006210882,0.016729619,0.010582984,0.036251685,0,0.038918154,0.000384066,2.74E-09,0.001854423,0,0.0000773,0.043202623,0,0,3.77E-08,0.028258424,0,0,0,0,0.00425305,0.049391977,0.0000866,0,0.000737478,0.0000286,0.00037685,0,0.045916452,0.00299716,0.015948333,0.007274552,0.004335266,0.022063514,0.010425656,0.025958634,0.0000256,0,0.000955014,0,0,0.000204448,0,0.000205546,0.023248785,0.001100518,2.69E-09,0
0.037208469,0.02921896,0,0.006774225,0.012227473,0,0,0.014444352,0,0.028352995,0.004468308,0.048505264,0,0,0,0.037313314,0,0,0.00000587,0,0.025836373,0.019156416,0.000133544,0.000344024,0.047132858,0,0,0,0.0000381,0.0000386,0.047558454,0.001105599,0.000218573,0.000434988,0.0000466,0.000822604,0.024165279,0.010178667,0.0000364,0,0.040073269,0.035770064,0.0000382,7.51E-11,0.0001357,0,0.002957504,0.001824026,2.06E-10,0.0000991,0.009758758,0.046378107,0.013353511,0,0,0.03276918,0.000000213,0.032520244,0,0,0.002698201,0.020112636,0,0.006969094,0.000518844,0,0.005738,0.000689755,0.03616587,0.002948642,0.008483286,0.00000254,0.000604881,0.020999217,0.002548793,0.000931594,0.00968265,0.002180477,0,0.048400629,0,0,0.005718706,0.016508841,0.001337754,0.003776691,0,0.043010383,0,0.043635391,0.016254195,0.04212726,0,0,0.0000912,0,0.046377928,0.0000424,0,0
0,0.000602335,0.008789267,0.035631024,0,0,0.028935701,0.006006375,0,0.001884355,0.013656004,0.02094838,0.001235131,0.045622075,0,0.001883507,0.0010486,0.0000429,0.010438595,0.001953416,0,0,0.004174619,0,0.017272726,0,0.045359496,0.006913323,0,0.043205884,0.015813487,0,0.000219889,0.018137645,0.016493891,0.005634293,0.000666708,0.026441151,0,0.010914864,0.00000251,0.021239794,0.0000467,0.031327032,0.003687233,0,0.0000476,0,0.000846701,7.26E-08,0.0000547,0,0.046033282,0.0000574,0,0.012961799,0,0.000017,9.62E-08,0.0000941,0.006513621,0,0.043408592,0.038957409,0.000000277,0,0.002403983,0,0.0000473,0.007598676,0.025641947,0.00023572,0,0.045703889,0.00015487,0.002734544,0,0.046616276,0.031542832,0.00000128,0.027455493,0.000149856,0.0000416,0,0.0480781,0,0.0001524,0.0000313,0.037677693,0.039198332,0.000607776,0.000287542,0.00389371,0,0.034223018,0.001707438,0,0.047570973,0.001021775,0
0,0,0,0.010413274,0.023685292,0.019125959,0.039904852,0,0.000440967,0,0.0000281,0,0.04748581,0,0.042212228,0.038005363,0.000242197,0.032204885,0.000815865,0.00000073,0.044603717,0.008599191,0.047539089,0.002940661,0.046461742,0,0.00000283,0.011036723,0,0.021768725,0.004142942,0.018337828,0.000135815,0.000152624,0.0000821,0.006235399,0.000501847,0.041273196,0.002807274,0,0.000316784,0,0.004953535,0.04770778,0.00000453,0.029220473,0.013488344,0.026687527,0.007465598,0.035307473,0.000316417,0,0,0.000167768,0,0,5.02E-08,0,0.000801042,0.0414112,0.008963314,0,0.000235094,0.0000819,0,0,0,0.035880877,0,0.030013603,0.000012,0,0.031050782,0.039983193,0.048085346,0.003321721,0,0,0,0.00187982,0.0000935,0.001319709,0.002224406,0.020275764,0,0.015831852,0.005764241,0,0.010847981,0.000131297,0.01589566,0,0.000545133,0.005313261,0,0.000567562,0,0.001195187,0.001450862,0
0.044987779,0.004202825,0.023724754,0,0.000189353,0,0.0000551,0.010232079,0,0.013114802,0,0.008860308,0.00003,0,0.001894653,8.84E-08,0,0.0000661,0,0.048643912,0.008610959,0.001631745,0.003395839,0.045178517,0.038148576,0.007095912,0,0.021094171,0,0.017838178,0,0.01460783,0.015813474,0.039523042,0.047670592,0.0000729,0.015364796,0.0007752,0.006585943,0,0,0,0.002294224,0.028879987,0,0.031950889,0.000585716,0.047731741,0.009765486,0.035527623,0.035562759,0.002022602,0.000997701,0.043807906,0,0,0.000948328,0.02346396,0.018905878,0,0.004446841,0,0,0.044321973,0.022381988,0.005445733,0.000158985,0.000330543,0.001428494,0.03193084,0.001438265,0.041854598,0.039532585,0,0.003161173,0.000178005,0,0.004124521,0.000586359,0,0,0.000581415,0,0.0000431,0,0,0,0.04928872,0.000031,0,0.026441457,0,0.000107698,0,0.000193319,0.000138041,3.68E-08,0,0,0
0.0000477,0.000034,0.046952177,0,0,0.025964392,0.009972894,0,0,0.000231222,0.032583918,0.003039262,0,0.021265638,0.029663948,0.0000752,0.004804574,0.00014452,0.0000275,1.39E-09,0,0.036846343,0,0.009798751,0.005045508,0.040803236,0.008727534,0.020556346,0.001238547,0,0.001133415,0.045757653,0.001415371,0.001177565,0,0.042031062,0,0,0,0,0.0000557,0,0.002425949,0.000359416,0,0.000693238,0.024831175,0,0.000147636,0,0,0.009139565,0.002066904,0,0.03701394,0.028875665,0.0000227,0.047631962,0.03141278,0,0,0.002004025,1.22E-08,0.012801937,0,0.000601678,0.04441236,0,0.007124584,0.001175865,0.042930774,0.006873229,0,0.046176144,0.0000904,0.015089118,0,0,0,0,0.00000179,0.039020924,0,0.000159646,0,0.000396553,0.0000164,0.018480128,0.015278623,0.002561643,0.000461723,0.017303908,0.037873302,0.044556812,0.047116656,0.013900086,0.004589238,0.000317926,0.004090438,0.000579057
0,0,4.68E-10,0.018556783,0,0,0.00956061,0.047814741,0,0.002583413,0.044909307,0.000521339,0.0000249,0.012577374,0.00151637,0.006642072,0.009148266,0,0.036940836,0.041742734,0,0.004930747,0.005412669,0.000851778,0.00000288,0.004210506,0.001471944,0.000142585,0,0.000836595,0.048919511,0.045433434,0.000856102,0.02006751,0,0.000605497,0.000235335,0.036956899,0,0.050985784,7.84E-08,0,0.0000468,0.025356121,0.000241799,0,0.038283546,0,0.0000485,0.018711205,0.000242011,0,0,0.012370597,0.000728806,0.003082494,0,0.002062351,0,0,0,0.032011664,0.00000596,0.0416869,0,0.0000741,0.033812306,0.035989842,0.000089,0.0000878,0.014853438,0.000142341,0.00000103,0.042403192,0,0.021124884,0.040768646,0,0,0.000962513,0,0,0.009179934,0.0000606,0.000142751,0.002486882,0.0000904,0.029134061,0,0.015739303,0,0.025103903,0,0.048023913,0.004159849,0.006852757,0.009121641,0,0,0.030257468
0.017464385,0.026354236,0.0000132,0,0.009309006,0,0.00219186,0.000114205,0,0.0000421,0.016112591,0.012799108,0.048270884,0.041748942,0.004165596,0.000000431,0,8.6E-10,0.046530494,0.041530395,0.04363543,0.005349648,0,0.00000125,0.025229369,0,0.001298517,0.000412499,0.0000117,0.025654515,0.000513471,0,0.013301438,0.000372432,0,0.035556082,0.002151905,0.000130484,0,0.022192774,0,0.032682968,0.044462904,0.031932701,0.0000605,0.008298445,0,0.003601508,0,0.048937859,0.00011188,0,0,0.028752146,0,0.0000452,0.04345478,0,1.15E-10,0.036733067,0.005339348,0,0.006931585,0.003421488,0.003082658,0,0.000355918,0.000586911,0.001465104,0.000109071,0,0,0.000633259,0.000276924,0,0.000091,0,0.001666565,0.019280092,0.008885719,0.0000785,0.007384273,0,0.000804406,0.020630504,0.0000473,0.015306092,0,0.038001068,0,0.009905327,0.038573413,0.044022625,0.00000831,0.000227167,0.049349363,0.0000069,0,4.35E-10,0.001996187
0,0.000555556,0.022209851,0.000312631,0,0.002783147,0,0,0.001490221,0.0000313,0,0,0.0000392,0.023318826,0.041439133,0.0000897,0.028833735,0.010661121,0.00112572,0.000123568,0,0.04158472,0,0.013911178,0.000000988,0.012621284,0.000000582,0.043237941,0.000402115,0,0.037883005,0.006679741,0.000947858,0.039848187,0.00092186,0.026674585,0.002583018,0.001848456,0,0,0.000604097,0.005106795,0.011074546,0,0.036111562,0.005368451,0,0.031820623,0.048093908,0,0.0000203,0.044872352,0.046309793,0.018196259,0.032015006,0,0.0000667,0.000553906,0.017621493,0.00000801,0,0.004009601,0,0.034735729,0,0.015657661,0,0,0.000497871,0,0,0.027256774,0,0,0.002340993,0.047037122,0.043626248,0.0000169,0.000324543,0.009217909,0,0,0.048421817,1.94E-10,0.0000876,0.0000508,0.0000473,0.004444223,0.015934944,0.008732454,0.045436989,0.00000195,0.002815321,0.001036949,0.0000435,0.0000448,0,0.021288943,0,0.006888012
0.000772177,0.044628611,0,0,0.034080941,0.007137881,0.001912377,0.039983902,0,0.000129614,0,0,0.000164459,0,0.008985451,0.021766258,0.000494316,0.001703804,0,0.000752135,0.033088485,0,0.001568035,0.006333727,0,0.00238473,0.000392139,0.0000438,0.045073839,0.000340789,0.000000117,0.021733445,0,0.000128613,0.000022,0.0002107,0,0,0,0,0.004009938,0.031186307,0.005402871,0.010701268,0.038732737,0.0000553,0.000144562,0.000365867,0.012876969,0,0.03636106,0,0.0000497,0.0000343,0.001989105,0.010631413,0.0000314,0.047348668,0.004058743,0.044068544,0,0.025006416,0.014373632,0.011543788,0.007923031,0.001581088,0,0.003053335,0.038690126,0.045053862,0.018329917,0.027468079,0.0000813,0.005289579,0.0000224,0,0,0,0.000672314,0.0000118,0.003587936,0.045737825,0.015158924,0,0,0.047138131,0,0.046764145,0.029464918,0,0,0,0.023071934,0,0,0,0.048181281,0.0000456,0.000355483,0.019511968
0.0000479,0,0.009875093,0.000160233,0.015569012,0.044592147,0.001201475,0.007827465,0.000594865,0,0,0,0.036103915,0,0.000000109,0.001573193,0.003206602,3.22E-08,0,0.0000923,0.045279839,0.029677507,0,0.000245032,0.026895148,0,0.000833233,0.0000806,0.043526621,0.035565051,0,2.64E-12,0,0.016325151,0.013754682,0.000304322,0.031136377,0.042209112,0.020361362,0.000132355,0,0,0,0.0000507,0.000000298,0,0.000852987,0.006351131,0.006354328,0.038745677,0.038707591,0.043277788,0,0,0.003855826,0,0.005475124,0.031477792,0,0.022234339,0.002090148,0.000208704,0.023314697,0,0.010474372,0.004608437,0.040325933,0.001221237,0.0000645,0.000712479,0.012327723,0,0.045918205,0,0.000862393,0.00010491,0,0,0.017785347,0.004264709,0.045730244,0.001774458,0,0.000239598,0.021455875,0.000000686,0,0,0.00000608,0.005023384,0.028360179,0.048725739,0.008990207,0.0000479,0.002667825,0,0.0000213,0.04811836,1.12E-08,0
0.043944111,0.021008853,0.000000143,0,0.028257092,0.028145016,0.000405466,0,0,0.001084463,0.049983766,0.015021518,0,0,0,0.000000722,0.00796144,0.047501557,0,0,0.016451756,0.001394957,0.000239943,0.000000865,0.000191508,0.001678878,0.0000129,0.000119963,0,0,0.039072502,0.030732343,0,0.00000234,0.021979079,0.005547258,0,0.003804096,0.047432654,0.000000319,0.002860193,0,0.0000199,0,0.001945803,0.0000111,0.018917683,0.000437302,0,0.031282662,0.040280816,0,0.03950978,0.002528297,0.024309423,0,0.0000218,0.000797316,0.003820545,0.036873284,0.000000162,0,0,0.0123015,0.006870233,0.04301201,0.000000041,0.043361165,0.000361465,0.036326597,0.000581237,0,0,0.003264625,0,0.010201442,0.015224305,0.011452021,0,0,0.049585298,0,0.000321369,0,0.041819287,0,0.000035,0.006260459,0.046577858,0.004200889,0.003303519,0.001236681,0,0.013437808,0.000372821,0,0.024973768,0.009083446,0.000194556,0.000049
0,0,0.031291299,0.048991057,0.024593749,0.0000536,0.000788023,0.000140954,0,0.000128677,0.000000026,0.0000419,0.00000123,0,0.00072416,0.047512744,0.044435969,0.000126075,0.042539497,0,0.045349263,0.036636457,0.00104473,0.034413542,0.000473785,0,0,0.004180756,0.0000968,0.038255294,0,0.032629267,0.00032702,0.000986129,0.0000023,0,0,0.042250072,0.049498109,0.008172834,0.010844467,0,0,0,0.024966543,0,0.000699253,0.00687417,0.000256336,0.0000379,0.020781438,0.022064363,0,0.00000617,0.018759732,0,0.014684105,0.002503477,0.000112024,0,0,0,0.046400709,0,0,0.043936446,0,0,0.008175527,0,2.39E-09,0.00029667,0.0000615,0.006861179,0.042133167,0.004349458,0.013941844,0,0.002732158,0,0.015317812,0.002066014,0,0.001225322,0.039384193,0.000227133,0.028684285,0,0.003310773,0.019131218,0.005646923,0,0.00000442,0.002661169,0.026535256,0.000701655,0.009826781,0.004565559,0.013547557,0
0.01760179,0,0.014554505,0.0000469,0.004304342,0.016788253,0,0,0.049704002,0.0000169,0.041203131,0.002655623,0,0.002192731,0.000634221,0.0000122,0,0,0.000322755,0,0.047798957,0.000550158,0.00000547,0.000425458,0.0000371,0.001089681,0.006356515,0,8.73E-09,0.000557365,0,0.038293079,0.002302974,0.000281812,0.046272847,0,0.035292289,0,0.018902868,0,0.006567022,0.000923613,0.025089358,0,0.020532055,0,0.04248229,0.028620874,0.044668041,0,0.000163174,0,0.028877298,0.003958582,0,0.037165518,0.0000249,0,0.047501972,0,0,0.000000179,1.1E-12,0.0000208,0.000255391,0,0,0.043595931,0.00000668,0.035590583,0,0.009042776,5.84E-09,0.009192385,0.047315309,0,0,0.011035543,0.009923419,0.000231639,0.0000376,0.002102421,0.001281785,0.002887221,0,0.016455859,0.013185279,0.001311351,0.044572094,0.005394235,0.000146073,0,0.031391629,0,0.000479358,0.004928459,0.020692302,0.02287872,0.031244932,0.0000215
0,0.000983106,0,0,0.000247786,0.015161484,0.008676757,0,0.043325712,0.000642591,0.000359955,0.03526501,0.0000311,0.028464082,0.012975003,0.047102765,0,0,0.015671486,0.034050366,0.000143291,0,0,0,0,0.008477567,0,0.0000482,0.0000957,0.005368588,0,0.004151669,0.042349273,0.04851583,0.02941855,0,0.012386601,0.00641786,0,0.0000732,0,0.000132337,0.00000396,0.0000956,0,9.24E-12,0.046230747,0.000000102,0.018117484,0.001687314,0,0.045060051,0.00625347,0,0.000713457,0.010150293,0,0.000456953,0,0.01082732,0.032081435,0.005273517,0.041577875,0.000158162,0.000355689,0.0005483,0.001742184,0.047925003,0,0,0,0.024788539,0,0.003312485,0,0.035600146,0.002273801,0,0.017708534,0,0.00099252,0.038738479,0.022212852,0.048332955,3.44E-11,0.020659815,0.003609236,0.000328379,0.02592253,0.002875947,0.03629557,0.0000405,0.0000314,0,0.0000388,0.001206263,0,0.004404142,9.04E-08,0.040832143
0.00000835,0.015273131,0,0,0.038168967,0.0000736,0.002872487,0,0.044023649,0.000183217,0.026183212,0.047295109,0,0,0.047608484,0.041032863,0,0.001783592,0.000164168,0,0.006063533,0.029075162,0.000455789,0.010277743,0.0000273,0,0.002381403,0.001044355,0.0000786,0.03641555,0.044579684,0.000525415,0.000165032,0.046965902,0.009186487,0,0,0.000878483,0,0,0,0.000025,0.019059731,0,0.001459989,0.0000154,0.0000538,0,0.020330795,0.001296717,0.017805671,0.003513939,0,0.038829728,0,0.000703287,0.000158482,0.031030808,0.000355777,0.009036402,0.021757569,0.043672065,0,0,0.005045831,0,0.0000301,0.006127577,0.0000769,0,0,0.031812883,0.000083,0.000177205,0.025395374,0.02720794,0,0.00000374,0.009002713,0,0.017314512,0.000000308,0.003367062,0.000093,0.045661862,2.71E-08,0.0000209,0.037011044,0.000239033,0.012966396,0.045997061,0,0.041507644,0,0.007028326,0.001542739,0.002529287,0.013631346,0.00419765,0.0000322
0,0.004785988,0,0.016010963,0,0.000578701,0.000143881,0.002373289,0,0,0.000416667,0,0.046348962,0.025647623,0.001201427,0,0.039118165,0.024467143,0.021418565,0.004069427,0.0062199,0.000173623,0,0,0.002405539,0.000192952,0.00417892,0,0.034113501,0.042981957,0.00027662,0,0.029278909,0,0.043778659,0,0,0.015310059,0.000361335,0.001621758,0.018943571,0.000013,0.001085225,0.012891706,0.031028635,0.029037699,0.035593289,0,0.018081108,0.043034884,0.000886723,0,0.00000238,0.022469764,0.000154658,0.00000162,0.005472396,0.046917121,0,0.031294879,0,0.0000701,0,6.13E-09,0.0000733,0.012709566,0.000124056,0.037262327,0.003018914,0.002140939,0.00025365,0.044400994,2.55E-12,0.008754081,0.007936971,0,0,0.010157225,5.2E-12,0.00645778,0,0.000359586,0.044843861,0,7.28E-09,0.047694259,0.047804024,0.045573547,0.0000168,0.010648228,0.001009339,0,0,0,0,0.000553778,0.000384899,0.003289056,0.0000795,0
0,0,0.04431236,0.04504862,0.042411346,0.000755413,0.036989283,0.013450433,0.005146159,0,0.038085308,0,0,0,0.013802278,0.000556818,0.04483032,0,0,0.002817507,0.024731025,0.033615609,0.000177543,0.00102842,0.000948202,0,0,0.009300925,0.021585753,0.010823575,0.044490804,0.007583977,2.3E-11,0.014483723,0,0.000350752,0.020984096,0.000685128,0.04581448,0,0.024987745,0.000311732,0,0,0,0,0.003353061,0.045426048,0.0000978,0,0,0.0000899,0.033251322,0.038876069,0.001269581,0.042645327,0,0.004728845,0.003291613,0.003749718,0.000105159,0,0.046927415,0.000323148,0.005886303,0.0000379,0,0,0.014900426,0.000108508,0.029672844,0,0.01825031,0.005244144,0,0,2.96E-10,0,0.00014944,0.000031,0.000144822,0,0.002063879,0,0.028277496,0.006995809,0.001950077,0.000508231,0.000240759,0.001384807,0,0.0000307,1.2E-11,0.031587609,0.0000342,0.019734563,4.38E-08,0,0.010657248,0.047864543
0.018592254,0.005443314,1.36E-10,0.00646399,0.036046519,0,0.006817179,0.046032642,0,0.000109142,0.000390346,0.000108113,0.032976217,0.020947336,0.0000472,0.000029,0.042153082,0.000383331,0.0000879,0.023955596,0.003970089,0.022210116,0.008254069,0.003976359,0.04174446,0.027350889,0.000384268,0.04516646,0,0,0.003360645,0,0,0.046053126,0.000208838,0.003126777,0.005123917,0.001659734,0,0,0.015077911,0.019497194,0.008219748,0.02841236,0.0000705,1.81E-12,0.000964323,0,0.043538828,0,0.002146814,0.01077787,0.0500824,0.000000491,0.038215894,0.0000024,0.010191233,0.0000714,0,0.046404098,0.000000208,0.000271,0.000196968,0.014155509,0.000632016,0,0.000409195,0,0,0,0.02506821,0,0.012182998,0,0,0,0.000804785,0,0,0,0,0.01604496,0,0.002238369,0.0000478,0.041854451,0,0.001326378,0,0.031169037,0,0.040496634,0,0,0.0000635,0.046016419,0.002044075,0.037449662,0.000679567,0.00000192
0.000317879,0,0.028744242,0,0,0.045875525,0.003863006,0.000208661,0.000126822,6.82E-08,0.037637163,0.0000257,0.002200405,0.02174158,0,0.015131397,0.000349602,0.046158622,0.038875413,0.010054055,0.00000446,0.000202648,0.003376805,0.000620258,0.00000136,0,0.000000203,0,0.008636345,0,0.023753237,0,0.029842686,0.00000928,0.015590791,0.000174824,0.0000336,0.012552858,0.002930665,0,0.00000546,0,0,0.001983309,0.005870188,0.025460172,0.043172935,0.000240274,0.018362506,0.041639154,0,0,0,0.000124552,0,0.011467543,0,0.001011412,0.049393037,0.035086008,0.04326755,0.047280712,0.001304484,0.045239822,0,0.000192175,2E-10,0.00165384,0.001514419,0.008593434,0.0000138,0,0.029547969,0.013362472,0.001962848,0.005521927,0,0.00638839,0,0,0.033956652,0,0,0.050534148,0,0,0.022367996,0.046758655,0,0.000763975,0.003803368,0,0.017705639,0,0.027463598,0.000837761,0.007024528,0,0.0000597,0.0000234
0.0000101,0.002007316,0,0.000753662,0.047834533,0.012227237,0.001716214,0.0028863,0.001345386,0,0,0.00000727,0.018706413,0.0000395,0,0.023438971,0.036806523,0,0.040818869,0,0,0.042687625,0.041598678,0.00080309,0,0.007433978,0.022308748,0,0.04649376,0,0.036484563,0,0.006105341,0,0.008728813,0.026567359,0.006457557,0,0.0000343,9.93E-08,0.000000179,0.0000899,0.000713649,0,0.01049332,0,0.029205966,0.000645807,0.000283317,0.005522783,0.03590999,0,0.000000347,0.000100031,0.002460176,0.009587588,0.044351943,0.004817744,0.008542068,0.0000683,0.001085089,0.000960106,0.028735014,0.000476484,0.0000307,0,0.003357792,0.000274557,0,0,0.032187516,0,0.00011576,0,0.043439312,0.045982122,0.000121152,0.018553643,0.0000385,0,0.004411804,0,0.012672281,0.044167176,0.01523742,0,0.048595565,0,0.014747836,0.025009355,0,0.039495452,0,0,0,0.00102367,0.000218416,0.0000143,0.031953614,0
0,0.039912886,0,0.000277172,0.0000904,0,0.016202654,0,0.024765,0,0.000074,0.00000374,0.042378635,0,0.0000941,0.00079549,0.011723596,0.018828392,6.53E-10,0.023490349,0,0.012321101,0.045860823,0,0.000179818,0,0.000334234,0.000740254,0.000800524,0.031741156,0.001160359,0.029662997,0.049274868,0.041825523,0,0,0.001562509,0.043665831,0.006978339,0.008563183,0.005348274,0.000193602,0.045431882,0,0.0000277,0,0.038469683,0.009901625,0.000033,0.003192571,0.0000486,0.010415845,0.003937566,0.03753977,0.030006717,0.00218585,0.000165639,0.017774239,0.005445193,0,0,0,0.001246244,0,0,0,0.02126715,0.0000182,0,0.0000823,0.034973165,0.0000788,0.051446043,0.027117418,0,0.007170428,0.047651173,0.013648751,0,0.004730891,0,0,0.000700691,0.047532919,0.000253001,0.001783112,0.0000728,0,0,0.026028689,0,0.003181812,0.000225069,0.008185944,0,0.002477012,0,0,0.036702643,0
0.030090441,0.002837777,0.000908812,0,0.002083404,0.010849641,0.00070578,0.001409153,0.003254763,0.0000146,0.045493544,0.000000287,0,0.004036254,0,0.019266219,0,0.010116276,0,0,0.0000819,0,0.0000365,0,0.0000929,0,0,0.047409227,0.000000544,0.00000124,0.004974465,0,0,0.044382969,0.0000933,0.0000888,0.042928238,0.047069379,0.00072367,0,0.013809654,0.04820349,0.000231139,0,0,0.001723489,0.043007787,0.000529157,0,0.017664532,0.039239938,0.022353624,0,0,0.008342762,0.003706842,0.000292724,0.0000479,0.000014,0.021319802,0.012345068,0,0.000136289,0,0.017056824,0.042606505,0,0,0.001126754,0.027237493,0,0,0.0000411,0,0.024735634,0.037950839,0,0.0000293,0.005312757,0.001440906,0.015747569,0.008794786,0,0.035625759,0,0.025486807,0.030408823,0.032183851,0.000449922,0.007481153,0.049263341,0,0.000528307,0.033468543,0.040009854,0.000835031,0,0.006886165,0.003373612,0
0,0.029738982,0,0.046608683,0.0000885,0.045425919,0.000787579,0.047363786,0.009898808,0.028003879,0,0.038264869,0.006687349,0.002312987,0.031569875,0.000169439,0.004989118,0.008979945,0,0,0,0.018023024,0.000398022,0.0000986,0.04432305,0,0.003095081,0.000102454,0.032019906,0.040107454,0.002384328,0.000538869,0.02163458,7.78E-12,0.005546207,0,0.000186215,0,0.007490579,0.001283381,0.000868722,0,0.003821378,0.015580842,0.044725683,0,0.039180105,0,0.000000935,0.000092,0.013591021,0,0,0.004752515,0.0000742,0.036537885,0.0037813,0.040440786,0.000217175,0.001318897,0,0.027408937,0,0,0,0.015643113,0,0.000108196,0,0.000170657,0.008207298,0,0.023676942,0.001362782,0,0.043122386,0.046660952,0.019872971,0,0,0,0,0,0.000045,0,0,0.021268219,0.035629688,0.010043001,9.78E-09,0.000035,0,0.001888469,0.000258335,0.000274288,0.046836269,0.013156381,0,0,0.001226276
0,0.000157004,0.00000203,0,0,0.006686947,0.000870063,0.000188657,0.021112763,0.00000874,0.002651531,0.000794964,0,0.000287049,0,0,0.00000517,0,0,0.047792042,0.000392797,0,0.009648345,0.039038713,0.0000451,0.039342368,0.021265881,0,0.0000463,0,0.044282864,0.010315544,0.015940717,0.048090152,0.001227448,0.002206469,0.00000268,0,0.0000596,0.0000486,0.012480107,0.001266723,0.000304042,0.008336432,0.026856427,0.000771412,0.0000146,0.000419981,0.045986879,0.018164292,0.004903081,0.004215224,0.001014174,0,0,0,0.000350484,0,0.01612681,0,0.008355035,0,0.02066537,1.07E-10,0.0000501,0.039988163,6.85E-10,0,0,0,0.005304249,0.0000391,0.04527634,0.000153811,0.004608208,0,0.036341765,0.002270403,0,0.044534722,0.04647416,0.033832497,0.0000949,0.002939122,0.006617052,0,0.013195852,0.032251125,0,0,0.046818724,0.0000294,0.023413109,0.025890911,0.033099745,0,0.042970227,0.002160946,0.028903728,0
0.00000372,0.028739037,0,0,0.043523977,0.005367773,0.042079951,0.003976365,0.0000448,0.0000203,0.033540777,0.00000302,0.006778897,0.001509179,0.004566558,0.045999471,0.048023252,0.01288609,0.00000659,0,0.0000349,0,0.0000583,0.0000694,0,0.006712116,0.000175773,0,0.020862329,0.003240569,0,0.01076994,0,0.017096307,0.032781052,0.000206051,0,0.008379195,0.040359318,0,0,0,0,0,0.040545208,0,0.000267299,0.0000266,0.000644369,0.047110166,0.046608351,0.045255289,0.033824575,0.000215261,0.041568422,0,0,0.0000161,0,0.0074701,0.019033961,0.004692324,0.0000443,0.046041749,0.025391453,0.001362292,0,0,0.002279243,0,0.013434232,0.000880726,0.000307287,0.0000471,0,0.041910896,0.003020503,0,0,0,0,0,0.028570313,0.002370456,0.021804768,0.025124322,0,0.000345365,0.000477477,0.015342347,0.00121142,0.03628539,0.000779223,0.0109233,0.001214513,9.73E-12,0.000528707,0,0.014722342,0.000487207
0.000702693,0.003183776,0,0,0.000661093,0.005408919,0.021998764,0.00000055,0.014228646,9.84E-10,0.015817918,0.041050359,0.034272672,0.0480202,0.001487281,0.010449681,0,0.00000345,0.006461997,0.043095741,0,0,0.000516206,0.002385107,0,0.030179041,0,0.003173802,0.000336406,0.046550119,0,0,0.007697456,0.013100526,0.037892251,0,0,0,0.049622861,0,0.000000168,0.0000442,0.008507972,0.000160032,0.026913985,0,0,0,0.024258719,0.042676995,0.000764371,0.018151203,0.047328558,0,0.044835675,0,0.005637275,0,0.046445991,0.0000674,0,0.00017602,5.12E-11,0.0000539,0.022409891,0,0.0106684,0.045642648,0.000078,0.0000572,0.034568065,0.037424589,0,0,0.000146537,0.000016,0.000388184,0.016910273,0,0.012254041,0.003624344,0,0.00151872,0.000823455,0.031846703,0.031665629,0.001578169,0.00392529,0,0,0.000041,0.002599948,0.006274105,0.001877393,0,0.000133544,0.029207954,0,0,0
0.003739987,0.008518408,0.014824502,0.020942751,0,0,0.035651704,0.001137488,0.016798476,0.000149884,0,0.000131654,0.007666849,0.050061118,0.008459993,0.000398808,0.005656527,0.00016893,0,0.0000781,0.00058057,0.033794493,0,0.0000134,0,0,0,0,0.028327508,0,0.0000486,0,0.029409349,0.04642433,0.003397071,0.01226258,0.0212776,0.007105694,0.004984162,0,0.002484769,0.000011,0.000140636,0,0.001377221,0.026074938,0.000042,0,0.000439692,0,0,0.013888012,0.045357147,0.0000373,0.002501715,0.0000628,0.000000574,0.000139908,0.009815084,0.001914451,0.000719994,0.001581583,0.048621343,0.00355171,0.00138344,0.004645192,0.0000119,0.044418599,0.000169487,1.06E-09,0,0,0.023806826,0,0,0.000303879,0.048623356,0,0.030604709,0.00000179,0.0000463,0.034697653,0.041469737,0.000216908,0,0.000479502,0,0,0,0.038571275,0.018357108,0,0.038518417,0.039674129,0.0099957,0,0,0.044954815,0.016960549,0.041316473
0.003680376,1.35E-08,0.0000133,0.009776279,0,0.0000445,0.000274197,0.001528203,0,0.000064,0,0.042201821,0.000127336,0,0.00096457,0,0,0.038106633,0.005208809,0,0,0.014830177,0.00045634,0.0000159,0.003123828,0.0000254,0.001626726,0.0000484,0,0.0000672,0,0.000191247,0.000823094,0.0000164,0.019403065,0.000593718,0,0.000477596,0.048263494,0.004729675,0.018459025,0.022409656,0.042048401,0.000491056,0.0000382,0,0,0.028653513,0.031135108,0.003915112,0.045632127,0.000000119,0.013109602,0.000339076,0.025438467,0.036161128,0,0,0,0,0.047221077,0.002320005,0.035273538,0,0,0.045439678,0.0000238,0.02919518,0,0.006315041,0.010925289,0.042978273,0,0.002394276,0.0000107,0.044471469,0.008253323,0.03929889,0,0.020922986,0.047533331,0.000000222,0,0.030859143,0.01214329,0.003995116,0,0.008281951,0.02574856,0.001279806,0,0.007514099,0.000216184,0.01432932,0,0.0000348,0,0.001432725,0,0.04707498
0,0.029161949,0.015320022,0,0,0.00313489,0.000971515,0.025426744,0,0.00490066,0,0,0,0,0,0.035439567,0.044136813,5.48E-09,0.040803763,0.045668471,0.0000793,0,0,8.51E-11,0,0.033022568,0.006523333,0.004606387,0,0.00536989,0,0.000303895,0,0,0.032111369,0,0.042857989,0.000327734,0.018629715,0.019157813,0.0000676,0.008187406,0.046223976,0.04710069,0,0.0000461,0,0.013520476,0.000000633,0.0000894,0.00197693,0.001782013,0,0.0000574,0.012791162,0.034391893,0,0.010730503,0.028467987,0.042006877,0.000071,0.001853952,0.000061,0.000900341,0.001002868,0.000216971,0.016103279,0.000115802,0,0.010857963,0.000819505,0.007853435,0.000660187,0,0.003460354,0.040192352,0.000113755,0.038395119,0.001155836,0.044781223,0,0.003727154,0.022072223,0,0.0000234,0.02449349,0.000337581,0,0,0.045832989,0.00000332,0.001810286,0.008976935,0.045772145,0,0.022360918,0,0,0.000460568,0.000118589
0.040793597,0,0.005804485,0.006127399,0.008529814,0,0,0.027446281,0,0.00000226,0.015590241,0.000618303,0.002698754,0,0.013865458,0,0.020786837,0.039340134,0,7.97E-08,0.000476528,0.0031179,0.045929783,0.000225957,0.00000111,0.001358973,0,0.0000433,0.030698684,0,0,0,0,0.003092574,0.000568403,0.039289482,0.0000454,0.000112439,0.000602213,0.000011,0.000510063,0.04206977,0,0.024941316,0.046447268,0,0.030103709,0.0000444,0.0000657,0,0.048526746,0.00000121,0.015304029,0.036694147,0.003584696,0,0.0000292,0,0,0.033040201,0.000739295,0.02618632,0.012762715,0.018283474,0,0.001758593,0.046091517,0.020966264,0.000130536,0,0.01025966,0.005844252,0.007854486,0,0.009767871,0.048811859,0.0000784,0,0.006325696,0.034380709,0,0,0.004435689,0,0.00073721,3.28E-08,0.0000558,0.046680512,0.001604219,0.000116917,0,0.001848668,0.017792637,0.000437759,0,0.045008195,0,0,0.042478868,0.000022
0.027779779,0,0.002990713,0,0,0,0.005204356,0.000143768,0.017541188,0.001272835,0.033293084,0.0000771,0,0.000277929,0,0.0000211,0,0,0,0.046704837,0.0000493,0,0.000150419,0,0.00681864,0.042008043,0.042782441,0.006601205,0,0,0.002976998,0.001166286,0.037816269,0.02165632,0.011795629,0,0.014460888,0.046299714,0.046401445,0,0.000255331,0.03559087,0.025838908,0.038431204,0,0.008265306,0.0000504,0.042815507,0.000651367,0,0.028175489,0,0,0.003029429,0.0000308,0.000046,0,0.005536116,0.002160406,0.014014064,0.000515142,0.000143187,0.004301045,0,0.048116161,0.010339655,0.0000466,0.036286634,0.004698315,0.00000979,0,0.008527773,0,0.047741506,0.0000954,0,0.0000392,0.000478396,0.002106258,0.021674908,0.01544241,9.49E-13,0,0,0.024732163,0.01277932,0.001389788,0.000857756,0,0.000133253,0,0,0.045002491,0.000134341,0.032392443,0.041814812,0.000605731,0.000320314,0.01808984,0.00000375
0.014494815,0.021903179,0,0.002090682,0.0000171,0.024789419,0.00000434,0,0.000454661,0,0.000845565,0,0.000203837,0.015480773,0.025425673,0.048184301,0.000161301,0.00055254,0.000557284,0.045337258,0.000118143,0.002993136,0.008452762,0.004479151,0,0.00000702,0.015671511,0.039183869,0.001279935,0.0000829,0.000460732,0,0.000112444,0.000227871,0.0000672,0,0.030159312,0,0.0000496,0.010706348,0,0.009140862,0,0.037825233,0,0.027574036,0.003001099,0,0,0.019580685,4.06E-11,0.030744703,0.019442661,0.036336425,0.028998188,0.004545198,0.000046,0.005262424,0.049019375,0,0,0,0.047700675,0.001755998,0,0.00000297,0.000856772,0,0,0.047819714,0.043788547,0,0.021557279,0.001663546,0.001459134,0,0.006118392,0.034985343,0.042564657,0.039611791,0,0,0.000126685,0,0,0,0.000000319,0.004899332,0.000177032,0,0.012183216,0,0.010241256,0.043655518,0,0.043090581,0,0,0.006918166,0.002751531
0,0.002752097,0.019056819,0.050106918,0.022662674,0,0.0000159,0,0,0,0.031072418,0,0.046840857,0.046216122,0.031974943,0.040759096,0.000232219,0.0000322,0,0.045861826,0.008805057,0.015399798,0.001650116,0,0.014006485,0,0.021426801,0.014326859,0.011236948,0.000505721,0.00220407,0.000465605,0.024033802,0,0.001118294,0,0.006800901,0.0000471,0.000560104,0.005115701,0.048506836,0,3.03E-09,0,0,0.018205824,0.0000976,0.038345496,0,0,0,0.025728425,0.000141408,0.0000887,0,0,0,0.00041354,0.041883157,0,0,0.0000433,0,0.000259643,0.002923015,0.0000423,0,0,0.001707087,0,0,0.000190201,0.004003682,0.016040822,0.000926901,0.03912076,0.0000261,0.0000381,0.004165678,0.001890829,0,0.044283672,0.029295752,0.000124272,0.0000222,0.010759015,0.004762886,0.000867785,0.006790291,0.034700113,0,0,0.008090335,0.042601835,0.02776955,0,0.04387701,0,0.034874497,0.001103725
0.000562112,0.000000822,0.004241704,0,0.009143458,0.0025372,0.04893537,0,0,0.005656544,0.0001407,0.033655004,0.000614533,0.011292615,0.00000314,0.011296411,0,0,0,0.043829561,0.028103356,0.000356318,0.000403356,0.044799311,0,0,0.027905583,0.015287381,0.0000528,0.043407805,0.001482552,0,0,0.005391243,0,0,0.040142191,0.001201607,0,0,0.04597905,0,0.024558164,0.000292559,0.004489933,0.045607353,0.045943404,0.001057138,0.012551528,0.002819954,0.045787301,0.025289304,0.00038847,0.033172063,0,0.046462078,0,0.0000538,0.022275864,0.00292334,0,0.0000439,0,0,0,0.000185264,0.001708222,0,0,0.000187882,0,0.000464336,0.008027263,0.000730298,0,0,0,0,0.002928154,0.000212639,0.0070592,0,0.0000773,0.000815034,1.12E-08,0.038071092,0.00000151,0.034822755,0.019470211,0.037105537,0.018160728,0,0,0.006757624,0.034246041,0.014745079,0,0.021478222,0.012607706,0
0,0.0000478,0.000000909,0.023040367,0,0.039324974,0.0000476,0.004588348,0,0,0.028238239,0,0.00216218,0.004967615,0.030711498,0,0.003012793,0.000182485,0.000328656,0,0.009897511,0.046570558,0,0.043001199,0.00690828,0.047472426,0,0.017699263,0.00021848,0.00039398,0,0,0.003202771,0.000942361,0.023690376,0.012955586,0.011621833,0.042954788,0.014632147,0,0.036956451,0.040507079,0.035106216,0.000151365,0.005020687,0.047551413,0,0,0.024058108,0.018121278,0.001431896,0,0.001467413,0.002060054,0.0000321,0.0000837,0,0.000317111,0.037632672,0,0.0070055,0.041069,0,0.048612281,0.0000349,0,0.000187841,0.012751457,0,0.000120532,0.008324041,0,0,0,0.002322349,0,0,0.028654236,0.049144813,0.000540024,0.001261277,0.000878501,0.0000649,0.000478581,0.00000986,0,0,0.005710814,0.0000479,0.000429746,1.56E-09,0,0,0.033052093,0.020078213,0,0.047769385,0.007203482,0.000097,0.014838731
5.91E-09,0.001186363,0.00259567,0,0,0,0.007582424,0.0000831,0.0000305,0.044184421,0.045960389,0,0.0000153,0.005464179,0,0.00018287,0,0,0.0000977,0.008758216,0.04584544,0.024649415,0.0000479,0.016508022,0.02816315,0.016263351,0.046210564,0.008237343,0,0,0.00010627,0,0.023497652,0.000256634,0,0,0.003633233,0.000670973,0.04718732,0.001088339,0.000532756,4.24E-08,0.000112757,0,0.018879346,0.000272687,0,0.041284097,0,0.033476795,0,0,0,0.010757399,0.033011074,0.00558857,0.044341602,0.005095888,0.043284607,0.034529263,0,0.009761772,0.000209194,0,0.018246136,0.0000291,0,0.001601014,0.001121877,0.03352527,0.040703528,0.003415265,0.000138672,0,0.002666468,0,0.043611721,0.000570212,0.03863969,0.000110946,0.004080501,0.021926552,0,0.047246824,0,0,0.013541566,0.013928386,7.88E-09,0,0.029098464,0.020789685,0.000116487,0.000811439,0,0,0.002289516,0.000387317,0.0000408,0.001718075
0.034409592,0.044498764,0.000593291,0.044545998,0.037728009,0,0.014570347,0,0.000769258,0,0.00000812,0.015519317,0.025940799,0.000213399,0.001525023,0.01502871,0.001169052,0.04350854,0,0,0,0.025363557,0.0000942,0.044828195,0,0,0.002513703,0.005261958,0.001098881,0.027494727,0.000370829,0.021852489,0.023875814,0,0,0,0.002851146,0,0.045197757,0,0.0001314,0.039048463,0.039861298,0,0.010541416,0.00255787,0.033311196,0.0000438,0.0000143,0.009031271,0,0,0.028236105,0.000840239,0,0.009688596,0,0.018354542,0.000146284,0,0.00833066,0,0.00000607,0.005954129,0.000926934,0.00000185,0.042371852,0.001637774,0.000470428,0.00000354,0.041462403,0.012349035,0,0.004019137,0.000037,0.006369737,0.000119516,0,0,0.000254853,0,0.044721996,0,0.007113243,0.0000339,0,0.018799949,0.001108499,0.04817921,0.003730431,0,0.00000197,0,0,0,0.003728444,0.029865704,0.045580939,0.000182435,0
0.015786418,0.01762702,0,0,0.003372598,0.000027,0,0.047534981,0.001909904,0.00095819,0.001769473,0,0.024904727,0.001429255,0,0,0.00012572,0.006661668,0.026366318,0.046214522,0.048086745,0,0,0,0,0.00000138,0.000302024,0,0.001330211,0,0.000223728,0.0000284,0,0.003522002,0.012960159,0,2.39E-08,0,0.0000919,0,0.004233299,0.006828204,0.000309939,0.021273083,0.005128395,0.002026468,0.00937611,0.0000969,0.045498599,0.013674845,0,0.0000214,0,0.032975042,0.021929713,0.000118914,0.040983868,0.048454429,0.00000735,0.034094819,0,0,0.000561037,0.000196958,0,0.029951443,0.000596511,0.007896816,0.042314597,0.044750927,0,0.041787964,0,0.000247114,0.000107785,0.010690291,0.010942937,0,0.037437965,0.000507566,0,0.004103065,0.001888434,0.0000435,0.035278666,0.019146706,0,0.039262378,0.031856179,0.005167112,0.013259241,0.0000633,0.0000457,0.027864561,0.04453125,0,0,0,0,0.00123414
0.006957495,0.002845792,0.037275929,0.015038835,0.023247167,0.000015,0.000203954,0,0.001005928,0.032052299,0.005240588,2.56E-09,0,0,0,0.008677526,0.044650993,1.02E-08,0.0000441,0.02801461,0.000917149,0.04129299,0.04191368,0,0.035561368,0.002777034,0.012319822,0.049359642,0,0,0.000379563,0.018019145,0.006941694,0.018895869,0,0.0000473,0.044438178,0.000804622,0,0.000381479,0,0.044426808,0.000128682,0.047804712,0.000000518,0.015580524,0.0000174,0,0,0.000529559,0,0.0000394,0.00000323,0,0,0.002334842,0,0.035285683,0,0.00015454,2.85E-10,0.010214562,0.025716678,0.005220804,0.000157781,0,0,0,0.008583655,0.000906669,0.003738394,0.0001217,0,0,0.000012,0.000463553,0.02663912,0.044340434,0.048859535,0.001805711,0.030959149,0.040110588,0,0,0,0,0.000672753,0.003339109,0,0.010730382,0,0.013116904,3.51E-09,0.021249702,0.023814037,0.004239118,0,0.001753852,0,0.047608216
0.000153666,0.000400493,0.010123668,0.030658318,0.044703644,0,0.002345518,0.00000468,0,0.0000458,0.042916969,0.022205616,0.000259202,0.000206446,0.001288189,0.045599119,0.000140529,0.002765707,0.000187346,0,0.000074,0,0.046036877,0,0.036382742,0,0.015783383,0.000101195,0.004004983,0.042769631,0.000132966,0.048079992,0.018738069,0.04423145,0,0.049501145,0.00000259,0,0,0,0,0.028959788,0,0,0.010711451,0.003673496,0.0000184,0.001476155,0.019839035,0.014935299,0,0,0.007099421,0.001678821,0.024806351,0,0.03936555,0.00732887,0,0,0.000918632,0,0.007956936,0.03089504,0.0000471,0.03814975,1.62E-10,0.0000941,0,0.00024355,0,0.009347688,0,0,0.039653025,0.02514103,0.00000498,0.006967194,0.001126647,0.030309633,0.00343431,0.000645381,0,0.011982111,0,0,0,0.021439733,0.000772481,0,8.05E-08,0.033999328,0.005104108,0.001564535,0.045206661,0.000258114,0.002063496,0.012937466,0.000000227,0
0.001329941,0,0,0.01808513,0.029217606,0,0,0,0.018659534,0.000137769,0.010204388,0,0.005113188,0.001288154,6.84E-08,0.000314946,0,0.015166753,0.009177313,0.00025307,0.047284936,0.000160754,0.031953283,0.000744079,0,0.00000107,0,0,0,0,0.003032094,0.031404377,0,0.00388132,0,0.035778622,0,0.000633947,0.013168893,0.0000914,0,0.046389244,0,0.028363165,0.000551547,0.002235591,0,0.000955567,0.0000508,0,0,0.004899957,0,0.00213247,0.043927363,0.000089,0.000401768,0.048087871,0.037882495,0.008489986,0.024067924,0.0002799,0.002896218,0,0.046066698,0,0.009453182,0.0000841,0.015349798,0.00000872,0.044983995,0.022529461,0.043701362,0.0353604,0.047634192,0.046193406,0.001301136,0.0000121,0.0000346,5.6E-10,0.007067986,0,0,0.023791587,0,0.00414922,0.002531024,0,0.0000237,0.000140687,0.01288767,0.007238861,0.043346297,0,0.035062007,0.021630219,0.000262649,0,0.000371497,0
0.0000746,0,0,0.000231901,0.028781052,0,0.013771993,0.0000794,0.019282038,0.004564479,0.001324884,0.001593609,0.028293442,0.00015913,0.022479315,0.000810663,0.026275147,0,0.017318608,0,0.004980136,0.035446595,0,0.050282694,0.00850778,0.00000613,0.000449742,0,0.000168317,0.0000537,0.036685017,0,0.006790924,0.04552848,0.010629084,0.000018,0.0484894,0.00245458,0.014889289,0.030130499,0.000444161,0.006870264,0.047093917,0,0,0,0,0.046674937,0,0.000116368,0,0,0.001009203,0.000471007,0.0000476,0,0.000000731,0,0,0.009337132,0.008719939,0,0.038131277,0.002046931,0.004972072,0.041909,0.0000856,0.045624476,0.001286532,0.003182719,0.037999105,0.00012424,0.041717033,0.003713245,0.001666991,0.015392795,0,0.000155727,0.001027319,0.041957392,0.043794715,0,0,0,0.032130015,0.013089218,0.021501822,0,0,0.02184355,0.000584326,0,0.0000287,0,0,0,0.00452481,0,0.000174419,0
0.035567083,0.018950054,0.042277537,0.027599633,0.04392272,6.66E-11,0.003273869,0,0.003694416,0.00000812,0,0,0.047641363,0,0,0.045385181,0.007976897,0,0,0,0,0,0.020276412,0.000119407,0.000144233,0.001291825,0,0.016863573,0,0.000400124,0,0.042635774,0.006690984,0,0.040230107,0,0,0.003571537,0.000489922,0.001387359,0,0.000270944,0.022948849,0.045074628,0.028331609,0,0.000302957,0.000708163,0.002152996,0,0.0000948,4.85E-12,0.012434835,0.031248364,0,0.012919592,0.010374183,0.000575068,0,0.003936981,0.0000518,0.00000317,0.049906852,0.050424451,0,0.015070998,0.0001375,0,0.001435662,0,0,0.000000914,0,0.041784885,0.005550288,0.033190966,4.48E-12,0,0.000015,0.007574647,0,0.0000388,0.039501426,0.001952085,0,8.66E-09,0.000144785,0.009718088,0.018152853,0.000291276,0.00457208,0.00111081,0.025010208,0.02527339,0.047435958,0.001179578,0.001857051,0.006048347,0,0.030793921
0,0.038707743,0.032180278,0.004932025,0.012266244,0.0000202,0.049482323,0.000019,0.000152243,0.0000297,0.025050106,0.041088301,0.000145608,0.0000693,0,0,0.04581909,0.000693089,0.001440732,0.005203465,0.000441817,0.0000126,1.69E-12,0,0,0,0.0427457,0.000311887,0.042714404,0.000194147,0.001313866,0.02934083,0,0,0.006998043,0.004410477,0,5.16E-08,0.009017491,0.003817348,0,0.024050059,0.043873647,0.00168639,0.035319261,0.002256195,0.0000738,0,0.010127696,0.001118372,0.000000058,0,0.021764224,0,0.00098524,0.0000513,0.000130295,0,0.0000477,0.01321027,0,0.028174986,0.02248845,0.002946824,0.047295477,0,0.00043098,0.018918262,0.000302543,0.043680486,0.015267215,0.000000955,0.0000035,0,0,0,0,0,0.037506304,0.031514073,0.04738584,0.009890909,0,0.01842277,0.00627635,0.000473635,0,0,0.000017,0.0000353,0.049690649,0.0000466,0.008720067,0.015063882,0.001949158,0.036833168,0.000651733,0,0.002700138,0
0.028096125,0.0000364,0.046172178,0.002806032,0.0000275,0,0.012232409,1.18E-10,0,0,0.044020589,0,0.035505191,0,0.037197362,0.045667724,0,0.022069804,0.000102418,0.002912206,0,0,0.0000271,0.000106648,0.03970378,0.002038892,0.0000273,0.001769016,0.040058386,0.0000179,0.00000799,0,0.000485256,0.026160628,0.000101143,0.002556855,0.006003508,0.012838916,0,0.047442154,0.009029053,0.000187536,0.016807112,0.049243595,0.000165459,0.047446064,0.045959069,2.07E-11,0.00000766,0,0.031072205,0.00000393,0.003887101,0.000710089,0.009987951,0,0.0000707,0.001045439,0.0000209,0.043129945,0,0.018188657,0,0,0.0000144,0.027067254,0.000376457,0.000808529,0.000363776,0,0.00000484,0.042224896,0,0,0,0.039427732,0,0.005108874,0.017137047,0.006787629,0,0,0.022323902,0.000957126,0.008757057,0.022655779,0,0.006904087,0,0.001853454,0.033016731,0,0.014707657,0.000596862,0.001065303,0,0.010954471,0,0,0.003732222
0.000994955,0,0.000000127,0,0.009178752,0.003833328,0.008198462,0,0,0.020806473,3.21E-10,0.000173358,0.049951901,0.002806888,0.000351303,0,0,0.000143063,0.001307088,0,0.048260667,0,0.012028915,0.000254562,0.013720894,0,0.018131276,0.04635084,0.000145033,0.0000427,0.040707148,0.041743859,0,0.027604612,0.002280282,0.000937256,0.000656462,0.019216153,0,0.045936925,0.006782283,0.002694292,0,0.038259547,0.004270885,0.044949998,0,0.0000463,0.000673454,0.000000875,0.001745033,0.000393136,0.035038618,0,0.016416368,0.0000255,0.001088748,0,0.006360096,0.021465841,0,0,0,0.023003002,0.03821466,0,0.044610547,0,0.004997013,0.040665727,0.024768167,0.048256563,0,0,0.000148589,0.00000357,0.010843182,0.03720118,0.028125351,0,0.000347233,2.14E-10,0.002371683,0.002557152,0,0.0000479,0.000001,0.014007244,0.004915607,0.000106158,0,0.031334568,0.014999964,0.000043,0.000134601,0,0.032102351,0,0,0.000219785
0,0,0,0.0000159,0.000732119,0.005701865,0.00000342,0.047963426,0.007131051,0,0.011041286,0.012861987,0.023017664,0.000393916,0,0,0,0.0000595,0.001555922,0.0000479,0.002295231,0,0.036301914,0,0,0,0.048198208,0.001856909,0,0.000102284,0.042470269,0.00000106,0.045712717,0.047277068,0.040470918,0.0236437,0.032369858,0.040620783,0.046095109,0.0000138,0.000193222,0.00018587,0.028396697,0.000769542,0.002945814,0,0.012903007,0.028671801,0.000333094,0.000676585,0.014190391,0.0000644,6.73E-12,0.00000097,0.003996181,0.001917525,0,0,0.031735463,0.014607784,0.0000507,0.049847644,0.003837517,0.001024384,0.017736027,0.003060953,0.006760271,0.000421875,0.0000213,0.000610523,0.022578994,0,0.005573528,0.041437466,0,0,0.0000469,0,0.017292852,0.002878365,0.03725537,0,0.008843154,0,0.039168351,0,0.0000445,0,0,0,0.01039308,0,0.0000814,3.65E-12,0.008676404,0.025462614,0.0000757,0.036100542,0.001175291,0
0.00012537,0,0.046733858,0.0000514,0.001146878,0.002746246,0.016543149,0.001316505,0,0.018745508,0.000677717,0,4.33E-08,0.007971586,0,0,0.012807721,0.00249728,0.006312691,0.037423343,0,0.031882936,0.042306576,0,0.000232008,0.005767035,0.000368886,0.045255002,0.001367782,0,0,0.0000168,0.022645097,0.034805374,0.000237205,0.018422617,0.004805657,0,0.025441967,0.000431271,0,0.003105475,0.000000596,0.0000574,0.025063576,0.0000412,0.011370005,0.01574887,2.34E-11,0,0.041768411,0,0,0.0000377,0,0,0.047210428,0,0.003119844,0.00601818,0.010512764,0.032324195,0.000000527,0.043389394,0.0000361,0.00804538,0,0,0.000689475,0.046386688,0.000378184,0.000000016,0.00000144,0.000328259,0.047028347,0.0000364,0.04273449,0,0.001103208,0.001864037,0.02759689,0.046026081,0.03548148,0,0.02177994,0.041739072,0,0,0.001846196,0,0.001792033,0.013489388,0,0,0,0.028154603,0,0.000121354,0,0.004486801
0.002374618,0,0.00000129,0,0,0.012687225,0,0.048345643,0.010216678,0,0.0000428,0,0,0.029169475,0.005257927,0,0,0.020999299,0,0.000049,0.018705481,0.026007949,0.000086,0.000280817,0.034139426,0.000431515,0.000924576,0.028758242,0.000000202,0.041357363,0.044742818,0,0.001799233,0,0.002690968,0.00000613,0.004897762,0,0,0.024166041,0.000129322,0.000401515,0.010918599,0.011228026,0.00002,0,0.038041455,0.005085807,0.002406217,0,0.048894047,0,0,0,0,0,0.000908559,0.00000613,0.000919702,0.015381238,0.0000301,0.041289956,0.015061396,0.040076392,0.044277154,0.034823692,0.004215193,0,0.000259353,0,0.007722845,0.000501452,0,0.008318125,0.047330426,0.017742269,0.030209857,0.046392795,0.001877442,0,0.032068821,0.000347949,0.000653092,0,0.022718153,0.044786319,0.000810272,0.013084116,0,0.006980844,0.002202979,0.001154044,0,0.042164651,0.000324333,0,0.0000079,0.0000891,0,0
0.000541699,0.031415398,0.043625699,0,5.92E-12,0.000262959,0.041204899,0.036820864,0.013516446,0.00000047,0.001795387,0.00000157,0,0,0,0.004721583,0.03902164,0.008542633,0.001086702,0,0.000110787,0.0000959,0.000250957,0.0000558,0.019193397,0.028525325,0.0000658,0.004092758,0,0.000435088,0,0.004932899,0.00000414,0.0000258,0.03247913,0,0.00237695,0.000114183,0.007059456,2.38E-11,0.044116585,0,0.008165506,0,0,0.01537175,0.000152494,0,0,0.0000404,0.001515739,0,0,0.046360528,0,0.000811842,0,0.001398241,0.003624754,0.004547895,0,0.04872123,0,0.012410824,0.010188603,0,0.000517769,0.021510059,0,0.047142122,0,0.026374689,0.007050737,0.045227278,0.0031914,0.037656066,0,0.03687801,0.000532603,0.028965597,0.025794492,7.46E-10,0.045368095,0.014683088,0,0.002594267,0.000178763,0.04241451,0.000232107,0,0.018043856,0,0.001817935,0.02175982,0,0,0.041446969,0,0.000393457,0.010423544
0,0,0,0,4.94E-11,0.045703692,0,0.0000442,0.001917697,0,0,0.043722153,0.034529605,0,0.0000811,0.048168473,0,0,0.010258858,0.040100685,0,0.000000157,0.017990719,0.008497182,0.000566663,0.032595815,0.0000466,0,0.042297661,0.0000911,0.003303806,0.000984581,0.0000633,0.000683429,0,0.00013544,0.013112625,0.001393408,0.00000533,0,0.047951654,0.025175088,0,0.044603697,0.00416922,0.025328294,0,0.0000477,0.01648536,0.048654542,0,0,0.000311081,0.041414763,0.00226597,0.000287571,0,0.000255115,0,0.046697072,0,0.0000375,0.004460322,0.00494334,0,0.002114559,0.02302019,0.000370162,0.034714228,0.007129362,0.00017214,0.022612778,0,0.002609546,0.015565383,0,0,0.000160188,0,0,0.02846651,0.037273126,0,0.012456993,0.027712957,0.007894326,0.03274521,0.010404369,0,0.01899066,0.001097857,0.005990786,0.000136908,0,0.000638897,0.004081563,0.042042029,0,0.000187716,0.002028969
0,0.02193692,0.001610465,0,0.000241841,0.048096319,0.011556571,0.029598759,0.001922082,0.04590278,0,0.00000732,0,0,0.040961893,0,0.031648027,0.0000114,0,0.013121107,0,7.4E-11,0.010581874,0.000208936,0.000647879,0,0,0.047220458,0.000530891,0.004226232,0.000685784,0,0.000294571,0.044185886,0.00000524,0.015952082,0,1.4E-12,0.0000149,0.006767671,0,0.00022283,0.003445146,0.000501907,0.005854013,0,0,0,0.012953646,0.017203367,0.000178399,0.000101597,0,0.02819908,0.0001341,0.000300405,0,0.000758037,0.024166218,0.009520121,0,0,0.00666745,0,0,0.046917105,0.0000744,0.036123863,0.03491414,0.022137292,0.026178168,0.003115402,4.38E-08,0,0.000151571,0.005388213,0,0.0000174,0.046336847,0,0.03934788,0.039378452,0.001252167,0.001087731,0.002054702,0,0.02903507,0,0.000480879,0.0000291,0.015471837,0.009012672,0.001311975,0.048076809,0.017862733,0.038129762,0.044231776,0,0.003578104,0.000159686
0.02225778,0,0.000509881,0,0.000357367,0.043695875,0.015504647,0.000936189,0.0000831,0,0.005326698,0.033467792,0.0000154,0.000724117,0.010211103,0,0,0.010818549,0.046632029,0.002939013,0,0.047560633,0.038623177,0,0.001967135,0.00000464,0.015948116,0.003662687,0,0.0000517,0,0.000765601,0.004826522,0.000045,0.027047615,0.0000394,0.028395356,0.0000394,0.000174427,0.044011506,0,0.001480633,0.013775825,0.003319823,0.009347224,0.001476034,0,0.000625459,0.0000405,0.0000874,0,0,0.024426305,0,0,0,4.01E-08,0.00000256,0.041461895,0.00000369,0.000017,0.000000079,0.008652473,0.003015951,0,0.034709698,0,0.026361745,0.044406363,0,0.000109507,0.016477389,0,0,0,0,0.000319919,0,0.001592159,0.044601532,0.039081807,0.042085965,0.022139528,0.001925597,0.048151443,0.006725256,0.018982326,0.000208572,0,0.032251364,0.01298828,0,0,0.032476103,0.004518284,0,0.007049284,0.047516913,0.0000934,0.00085218
0.002735882,0.004561696,0.04586968,0.010229574,0.029554415,0.002043511,0.006632596,0.000404391,0.000174028,0.002152833,0,0.049776856,0.001629981,0.008812924,0.001173365,0,0,0,0,0,0.00000296,0,0.001429421,0,0.024300409,0.034294462,0.008760522,0,0.001067583,0.000159046,0.000480386,0.000000634,0.032515421,0,0.00000347,0.000632317,0,0.00000882,0.046086651,0.009902191,0.034870081,0,0.048374051,0.019534662,0.042492604,0,0.00007,0.012650686,0,0.03156692,0,0,0,0.004846566,0.018442748,0.000149764,0.044203927,0,0.040053838,0,0,0.01348548,0.043960327,0.0000923,0.0000871,0.000915965,0.024703042,0.001325774,0.003132219,0.014750681,0.0000888,0.000382065,0.045950025,0,0.006794941,0.000258624,0,0.028363883,0,0.022755135,0.004476153,0.0000196,0,0.003695977,0.001025142,0,0.000000894,0.016469555,0.038326694,0.000832879,0.044188401,0.000036,0,0,0,0.021568595,0.0000463,0.039615706,0,0
0,0.008447358,0,0.045841642,0,0.003184044,0.005348435,0.000125058,0,0,0.00932838,0.00000131,0.013677369,0,0.027044316,0.000251929,0.000136219,0,0.003480786,0,0.000198287,0.000162088,0.043950934,0.0000301,0.028252685,0.000209236,0.018806955,0.000104135,0.000000405,0,0.0000172,0.044409564,0.03360116,0,0.0000466,0.000616771,0.022341551,0.045539166,0.045175658,0.004422285,0,0.010298357,0,0.013512564,0.000052,0,0,0.045743145,0,0,0.004702509,0.006804929,0.048311543,0.001099096,0,0.024609703,0.032745939,0.001234509,0.042346618,0.000062,0.004302548,0.034066053,0,0.015607344,0.000393632,0.036929771,0,0.0000818,0,0.045889043,0.000536801,0.021584461,0.018997484,0,0.00000762,0,0,0.037542617,0.047348383,0.0000719,0.000993538,0,0.0000017,0.000495404,0.001552573,0.002281218,0,0.024908951,0.00196944,0.006807983,0,0.000137496,0.002218926,0.015364121,0.000487703,0,1.75E-08,0,0.009670924,0.033476004
